col,uid_ini,uid_rec,uid_win,interac_type,sexi,sexr
a,44,45,44,sit_<1m,M,F
a,44,45,44,disp_proximity,M,F
a,46,45,45,greet,M,F
a,45,46,45,greet,F,M
a,46,45,NA,sit_bc,M,F
a,45,46,46,sit_bc,F,M
a,45,46,46,allogroom,F,M
a,45,46,46,sit_<1m,F,M
a,45,46,46,sit_bc,F,M
a,46,45,46,allogroom,M,F
a,45,46,46,sit_bc,F,M
a,47,45,45,play_box,M,F
a,45,47,NA,play_pounce,F,M
a,47,45,NA,play_wrestle,M,F
a,47,45,45,play_wrestle,M,F
a,45,47,45,play_chase,F,M
a,45,47,45,sit_bc,F,M
a,45,47,NA,allogroom,F,M
a,47,45,47,sit_bc,M,F
a,45,47,45,play_bite,F,M
a,45,47,NA,allogroom,F,M
a,47,45,47,play_bite,M,F
a,47,45,47,play_box,M,F
a,47,45,NA,play_wrestle,M,F
a,45,47,NA,play_bite,F,M
a,45,47,NA,play_pounce,F,M
a,45,47,45,disp_proximity,F,M
a,47,45,NA,sit_<1m,M,F
a,47,45,NA,sit_bc,M,F
a,45,NA,NA,sit_bc,F,NA
a,NA,45,NA,sit_<1m,NA,F
a,45,44,45,sit_bc,F,M
a,45,44,45,fg_tog,F,M
a,45,44,45,disp_simple,F,M
a,44,45,45,sit_bc,M,F
a,45,44,45,sit_bc,F,M
a,44,45,44,sit_<1m,M,F
a,45,44,NA,sit_<1m,F,M
a,45,44,NA,greet,F,M
a,45,44,44,allogroom,F,M
a,45,44,44,sit_<1m,F,M
a,44,45,44,disp_simple,M,F
a,45,NA,NA,sit_bc,F,NA
a,45,NA,NA,fg_tog,F,NA
a,45,47,NA,sit_bc,F,M
a,46,45,NA,sit_<1m,M,F
a,45,46,NA,sit_<1m,F,M
a,45,46,NA,allogroom,F,M
a,45,46,NA,sit_<1m,F,M
a,45,46,NA,sit_bc,F,M
a,45,46,NA,sit_<1m,F,M
a,45,46,NA,allogroom,F,M
a,46,45,NA,sit_<1m,M,F
a,45,46,NA,allogroom,F,M
a,45,46,NA,allogroom,F,M
a,45,46,NA,sit_<1m,F,M
a,45,46,NA,sit_<1m,F,M
b,59,60,60,sit_<1m,M,F
b,59,60,60,sit_<1m,M,F
b,59,60,60,sit_bc,M,F
b,59,60,60,sit_<1m,M,F
b,59,60,60,sit_bc,M,F
b,59,60,60,sit_<1m,M,F
b,59,60,60,sit_<1m,M,F
b,60,59,60,sit_bc,F,M
b,59,60,59,agr_mouthspar,M,F
b,59,60,60,sit_bc,M,F
b,59,NA,NA,allogroom,M,NA
br,NA,50,NA,greet,NA,F
br,NA,NA,NA,sit_bc,NA,NA
br,51,NA,51,sit_bc,F,NA
br,NA,NA,NA,sit_bc,NA,NA
br,51,NA,51,sit_<1m,F,NA
br,NA,51,51,sit_<1m,NA,F
br,50,49,50,sit_<1m,F,M
br,50,49,50,sit_<1m,F,M
br,NA,54,54,sit_bc,NA,F
br,51,53,NA,play_grab/slap/push,F,F
br,51,53,NA,play_box,F,F
br,51,53,NA,play_grab/slap/push,F,F
br,53,50,50,sit_<1m,F,F
br,NA,50,50,greet,NA,F
br,NA,50,50,sit_<1m,NA,F
br,50,NA,50,allogroom,F,NA
br,NA,54,54,sit_<1m,NA,F
br,50,54,NA,sit_<1m,F,F
br,NA,51,51,greet,NA,F
br,NA,51,NA,play_wrestle,NA,F
br,NA,51,51,play_pounce,NA,F
br,50,NA,NA,sit_bc,F,NA
br,48,57,NA,greet,M,M
br,48,57,NA,greet,M,M
br,NA,NA,NA,play_wrestle,NA,NA
br,50,58,NA,play_chase,F,M
br,50,51,NA,play_wrestle,F,F
br,51,50,51,disp_proximity,F,F
br,NA,51,NA,disp_simple,NA,F
br,50,NA,NA,disp,F,NA
br,54,50,NA,sit_<1m,F,F
br,50,54,NA,sit_<1m,F,F
br,48,NA,48,sit_bc,M,NA
br,48,NA,48,sit_bc,M,NA
br,48,NA,48,sit_bc,M,NA
br,NA,NA,NA,disp_simple,NA,NA
br,NA,NA,NA,sit_<1m,NA,NA
br,51,NA,51,sit_<1m,F,NA
br,NA,51,51,sit_<1m,NA,F
br,51,NA,51,sit_<1m,F,NA
br,NA,51,NA,sit_<1m,NA,F
br,50,51,50,disp_proximity,F,F
br,51,50,51,play_chase,F,F
br,51,50,51,play_grab/slap/push,F,F
br,51,50,NA,fg_tog,F,F
br,50,51,50,play_grab/slap/push,F,F
br,50,51,51,play_grab/slap/push,F,F
br,49,NA,49,play_grab/slap/push,M,NA
br,49,50,49,play_mount,M,F
br,50,49,49,play_wrestle,F,M
br,49,50,49,play_wrestle,M,F
br,48,NA,48,play_grab/slap/push,M,NA
br,48,49,NA,play_grab/slap/push,M,M
br,NA,NA,NA,sit_<1m,NA,NA
br,50,51,51,greet,F,F
br,50,51,50,play_wrestle,F,F
br,50,49,50,sniff_ag,F,M
br,49,51,49,play_wrestle,M,F
br,51,49,49,play_wrestle,F,M
br,49,50,50,sniff_ag,M,F
br,49,50,50,play_wrestle,M,F
br,50,51,50,play_pounce,F,F
br,49,51,49,disp_proximity,M,F
br,51,50,50,play_wrestle,F,F
br,49,51,NA,fg_tog,M,F
br,49,50,NA,fg_tog,M,F
br,50,51,NA,fg_tog,F,F
br,49,50,50,greet,M,F
br,50,49,50,sit_<1m,F,M
br,49,50,NA,fg_tog,M,F
br,50,49,NA,sit_<1m,F,M
br,NA,NA,NA,play_wrestle,NA,NA
br,NA,NA,NA,fg_tog,NA,NA
br,50,51,NA,play_grab/slap/push,F,F
br,51,50,NA,play_wrestle,F,F
br,50,51,NA,play_box,F,F
br,50,51,50,play_bite,F,F
br,51,50,50,sniff_ag,F,F
br,48,50,48,greet,M,F
br,50,48,50,play_bite,F,M
br,53,NA,NA,play_grab/slap/push,F,NA
br,50,49,49,play_grab/slap/push,F,M
br,53,49,NA,play_mount,F,M
br,49,50,NA,play_wrestle,M,F
br,53,50,NA,play_wrestle,F,F
br,49,53,NA,play_wrestle,M,F
br,53,49,NA,play_pounce,F,M
br,51,50,NA,greet,F,F
br,50,51,NA,fg_tog,F,F
br,51,50,51,play_bite,F,F
br,49,50,50,play_wrestle,M,F
br,50,49,50,play_pounce,F,M
br,50,49,NA,play_wrestle,F,M
br,49,50,49,play_pounce,M,F
br,50,51,51,greet,F,F
br,49,NA,49,sit_<1m,M,NA
br,49,NA,49,disp_proximity,M,NA
br,50,54,NA,sit_<1m,F,F
br,50,NA,NA,sit_<1m,F,NA
br,54,NA,NA,sit_<1m,F,NA
br,54,NA,NA,sit_<1m,F,NA
br,54,NA,NA,sit_bc,F,NA
br,NA,NA,NA,sit_bc,NA,NA
br,NA,54,NA,sit_bc,NA,F
br,51,NA,NA,play_wrestle,F,NA
br,54,50,NA,sit_bc,F,F
br,58,50,58,greet,M,F
br,50,54,50,sit_bc,F,F
br,54,50,NA,sit_<1m,F,F
br,54,50,NA,sit_<1m,F,F
br,54,NA,NA,sit_bc,F,NA
br,NA,54,NA,sit_<1m,NA,F
br,48,49,NA,greet,M,M
br,49,50,NA,sit_bc,M,F
br,48,49,NA,greet,M,M
br,48,49,NA,allogroom,M,M
br,48,50,NA,sit_bc,M,F
br,48,49,NA,sit_<1m,M,M
br,49,50,NA,sit_<1m,M,F
br,50,49,NA,greet,F,M
br,50,48,NA,allogroom,F,M
br,50,48,NA,sit_bc,F,M
br,49,48,NA,sit_<1m,M,M
br,48,49,NA,greet,M,M
br,48,49,NA,greet,M,M
br,48,49,NA,sit_bc,M,M
br,48,49,NA,allogroom,M,M
br,48,49,NA,sit_bc,M,M
br,48,49,NA,sit_<1m,M,M
br,NA,50,NA,greet,NA,F
br,NA,50,NA,allogroom,NA,F
br,NA,50,NA,disp_simple,NA,F
br,50,48,NA,greet,F,M
br,48,50,NA,allogroom,M,F
br,48,NA,NA,sit_bc,M,NA
br,48,50,NA,sit_bc,M,F
br,49,NA,NA,sit_bc,M,NA
br,NA,48,NA,allogroom,NA,M
br,48,NA,NA,play_bite,M,NA
br,48,49,NA,allogroom,M,M
br,NA,48,NA,allogroom,NA,M
br,48,NA,NA,play_bite,M,NA
br,48,NA,NA,play_bite,M,NA
br,48,NA,NA,play_bite,M,NA
br,48,49,NA,allogroom,M,M
br,48,49,NA,play_bite,M,M
br,48,49,NA,sit_bc,M,M
br,48,49,NA,sit_bc,M,M
br,48,50,NA,sit_bc,M,F
br,51,48,NA,sit_<1m,F,M
br,51,49,NA,sit_<1m,F,M
br,49,48,NA,sit_<1m,M,M
br,49,51,49,play_mouthspar,M,F
br,49,51,49,play_bite,M,F
br,49,51,49,play_bite,M,F
br,49,51,49,allogroom,M,F
br,51,49,49,play_bite,F,M
br,51,49,49,play_grab/slap/push,F,M
br,49,51,49,disp_proximity,M,F
br,49,51,49,sit_bc,M,F
br,NA,56,NA,agr_chase,NA,M
br,NA,NA,NA,greet,NA,NA
br,49,52,49,greet,M,F
br,49,52,49,allogroom,M,F
br,49,52,49,sit_bc,M,F
br,50,NA,NA,sit_<1m,F,NA
br,50,51,NA,sit_<1m,F,F
br,51,50,51,sit_<1m,F,F
br,NA,51,NA,sit_<1m,NA,F
br,NA,50,NA,sit_<1m,NA,F
br,51,49,49,sit_<1m,F,M
br,NA,49,NA,sit_<1m,NA,M
br,51,49,49,sit_<1m,F,M
br,51,NA,NA,sit_<1m,F,NA
br,51,NA,NA,sit_<1m,F,NA
br,51,NA,NA,sit_<1m,F,NA
br,NA,NA,NA,sit_<1m,NA,NA
br,52,NA,NA,sit_bc,F,NA
br,NA,52,NA,sit_bc,NA,F
br,49,50,NA,sit_<1m,M,F
br,49,50,NA,sit_bc,M,F
br,49,50,NA,allogroom,M,F
br,49,50,NA,sit_<1m,M,F
br,49,50,NA,greet,M,F
br,49,50,NA,disp_simple,M,F
br,50,49,NA,sit_<1m,F,M
br,50,49,NA,sit_bc,F,M
br,58,49,NA,sit_<1m,M,M
br,58,50,NA,sit_<1m,M,F
br,49,50,NA,sit_<1m,M,F
br,NA,NA,NA,greet,NA,NA
br,48,49,49,sit_bc,M,M
br,48,49,49,sit_<1m,M,M
br,48,49,49,greet,M,M
br,52,56,NA,greet,F,M
br,56,52,56,disp_proximity,M,F
br,55,NA,NA,greet,F,NA
br,56,NA,NA,agr_grab/slap/push,M,NA
br,56,NA,56,agr_box,M,NA
br,56,NA,56,agr_box,M,NA
br,NA,56,56,sit_bc,NA,M
br,56,NA,NA,greet,M,NA
br,56,NA,NA,sniff_ag,M,NA
br,56,NA,56,greet,M,NA
br,56,NA,NA,play_pounce,M,NA
br,56,NA,NA,greet,M,NA
br,NA,NA,NA,sit_bc,NA,NA
br,56,55,56,sit_bc,M,F
br,56,55,NA,sit_<1m,M,F
br,NA,55,55,play_chase,NA,F
br,NA,55,55,play_chase,NA,F
br,NA,55,55,play_pounce,NA,F
br,56,NA,56,sniff_ag,M,NA
br,56,NA,56,play_grab/slap/push,M,NA
br,56,NA,56,sniff_ag,M,NA
br,56,NA,56,sniff_ag,M,NA
br,NA,56,56,play_bite,NA,M
br,56,NA,56,play_grab/slap/push,M,NA
br,NA,56,56,play_bite,NA,M
br,55,56,56,sit_bc,F,M
br,NA,56,NA,greet,NA,M
br,56,52,56,play_chase,M,F
br,54,56,56,greet,F,M
br,54,56,NA,sit_<1m,F,M
br,54,56,56,play_wrestle,F,M
br,54,56,NA,greet,F,M
br,56,NA,NA,greet,M,NA
br,56,NA,56,agr_chase,M,NA
br,56,52,56,agr_chase,M,F
mm,14,12,NA,play_chase,F,M
mm,19,20,19,greet,F,F
mm,19,20,19,sit_<1m,F,F
mm,19,20,NA,sit_<1m,F,F
mm,20,NA,NA,sit_bc,F,NA
mm,20,NA,NA,sit_<1m,F,NA
mm,NA,NA,NA,greet,NA,NA
mm,20,NA,20,greet,F,NA
mm,20,NA,20,disp_proximity,F,NA
mm,22,NA,NA,sit_<1m,F,NA
mm,22,NA,NA,greet,F,NA
mm,NA,20,NA,play_wrestle,NA,F
mm,NA,20,NA,sit_<1m,NA,F
mm,NA,NA,NA,agr_chase,NA,NA
mm,17,18,18,agr_chase,F,M
mm,17,13,17,agr_chase,F,M
mm,NA,20,NA,sniff_ag,NA,F
mm,19,20,20,sit_<1m,F,F
mm,19,20,NA,fg_tog,F,F
mm,NA,20,NA,play_grab/slap/push,NA,F
mm,NA,NA,NA,sit_<1m,NA,NA
mm,NA,23,NA,agr_wrestle,NA,F
mm,NA,23,NA,agr_grab/slap/push,NA,F
mm,NA,NA,NA,play_wrestle,NA,NA
mm,NA,NA,NA,sit_bc,NA,NA
mm,NA,20,NA,agr_bite,NA,F
mm,20,NA,NA,sit_<1m,F,NA
mm,20,NA,20,agr_wrestle,F,NA
mm,20,NA,20,agr_chase,F,NA
mm,20,NA,20,sit_bc,F,NA
mm,NA,23,NA,sit_<1m,NA,F
mm,NA,20,NA,sit_<1m,NA,F
mm,20,NA,NA,sniff_ag,F,NA
mm,NA,20,20,greet,NA,F
mm,20,NA,20,agr_grab/slap/push,F,NA
mm,NA,NA,NA,play_chase,NA,NA
mm,21,15,15,sit_bc,F,M
mm,15,21,NA,sit_bc,M,F
mm,21,15,NA,sit_<1m,F,M
mm,21,15,NA,allogroom,F,M
mm,20,NA,NA,sit_<1m,F,NA
mm,20,19,NA,sit_<1m,F,F
mm,NA,20,NA,greet,NA,F
mm,NA,20,NA,sit_bc,NA,F
mm,NA,20,NA,sit_<1m,NA,F
mm,NA,20,NA,greet,NA,F
mm,NA,20,NA,sit_bc,NA,F
mm,NA,20,NA,sit_<1m,NA,F
mm,NA,20,NA,sex_mount,NA,F
mm,NA,20,20,play_bite,NA,F
mm,20,NA,20,play_grab/slap/push,F,NA
mm,20,NA,20,play_mouthspar,F,NA
mm,NA,20,NA,greet,NA,F
mm,NA,NA,NA,greet,NA,NA
mm,NA,20,20,sit_<1m,NA,F
mm,20,NA,NA,greet,F,NA
mm,20,NA,20,sit_<1m,F,NA
mm,20,NA,20,greet,F,NA
mm,20,NA,NA,greet,F,NA
mm,20,NA,NA,greet,F,NA
mm,20,NA,20,greet,F,NA
mm,20,NA,NA,greet,F,NA
mm,20,NA,NA,sit_bc,F,NA
mm,NA,NA,NA,greet,NA,NA
mm,NA,NA,NA,allogroom,NA,NA
mm,NA,NA,NA,0,NA,NA
mm,NA,20,NA,sniff_ag,NA,F
mm,NA,NA,NA,sex_mount,NA,NA
mm,NA,NA,NA,sex_mount,NA,NA
mm,NA,NA,NA,play_bite,NA,NA
mm,20,NA,NA,greet,F,NA
mm,20,NA,NA,sit_<1m,F,NA
mm,NA,NA,NA,sit_<1m,NA,NA
mm,NA,NA,NA,sit_<1m,NA,NA
mm,NA,NA,NA,sit_<1m,NA,NA
mm,NA,NA,NA,sniff_ag,NA,NA
mm,NA,NA,NA,play_grab/slap/push,NA,NA
mm,NA,NA,NA,sit_bc,NA,NA
mm,NA,NA,NA,play_mouthspar,NA,NA
mm,NA,NA,NA,greet,NA,NA
mm,NA,NA,NA,play_mouthspar,NA,NA
mm,NA,NA,NA,play_grab/slap/push,NA,NA
mm,NA,NA,NA,sit_<1m,NA,NA
mm,NA,NA,NA,play_mouthspar,NA,NA
mm,NA,NA,NA,play_box,NA,NA
mm,NA,20,NA,play_mount,NA,F
mm,NA,20,NA,play_wrestle,NA,F
mm,NA,20,20,sit_<1m,NA,F
mm,NA,20,NA,sit_<1m,NA,F
mm,NA,20,NA,sit_bc,NA,F
mm,NA,NA,NA,greet,NA,NA
mm,NA,NA,NA,play_grab/slap/push,NA,NA
mm,NA,NA,NA,play_grab/slap/push,NA,NA
mm,NA,NA,NA,play_wrestle,NA,NA
mm,NA,NA,NA,play_grab/slap/push,NA,NA
mm,NA,NA,NA,play_bite,NA,NA
mm,NA,NA,NA,play_grab/slap/push,NA,NA
mm,NA,NA,NA,play_wrestle,NA,NA
mm,NA,NA,NA,play_pounce,NA,NA
mm,NA,NA,NA,play_bite,NA,NA
mm,NA,NA,NA,play_wrestle,NA,NA
mm,NA,NA,NA,sit_<1m,NA,NA
mm,NA,20,NA,greet,NA,F
mm,12,15,12,greet,M,M
mm,19,20,20,greet,F,F
mm,NA,20,NA,sit_<1m,NA,F
mm,20,19,NA,sit_bc,F,F
mm,NA,NA,NA,sit_<1m,NA,NA
mm,NA,19,NA,sit_bc,NA,F
mm,NA,20,NA,sit_<1m,NA,F
mm,NA,20,NA,sit_bc,NA,F
mm,NA,20,NA,greet,NA,F
mm,NA,20,NA,sit_bc,NA,F
mm,19,NA,NA,sit_<1m,F,NA
mm,12,13,NA,play_wrestle,M,M
mm,12,13,NA,play_mouthspar,M,M
mm,12,13,NA,play_grab/slap/push,M,M
mm,12,13,NA,play_mouthspar,M,M
mm,13,12,NA,mount,M,M
mm,13,12,NA,play_wrestle,M,M
mm,13,12,12,play_wrestle,M,M
mm,13,12,NA,play_wrestle,M,M
mm,13,12,NA,play_grab/slap/push,M,M
mm,12,13,NA,mount,M,M
mm,12,13,13,play_wrestle,M,M
mm,13,12,13,play_mouthspar,M,M
mm,12,13,NA,play_grab/slap/push,M,M
mm,12,13,NA,play_wrestle,M,M
mm,12,15,15,sit_bc,M,M
mm,12,14,14,sit_bc,M,F
mm,14,12,14,agr_chase,F,M
mm,14,21,14,agr_chase,F,F
mm,16,17,NA,sit_bc,F,F
mm,16,17,16,allogroom,F,F
mm,16,17,16,sit_bc,F,F
mm,16,17,16,allogroom,F,F
mm,15,16,16,sit_bc,M,F
mm,15,16,16,sit_<1m,M,F
mm,NA,15,NA,greet,NA,M
mm,14,NA,14,agr_chase,F,NA
mm,14,15,14,greet,F,M
mm,14,15,14,agr_bite,F,M
mm,14,15,14,agr_chase,F,M
mm,14,15,14,disp_simple,F,M
mm,13,15,13,play_pounce,M,M
mm,13,18,NA,play_grab/slap/push,M,M
mm,13,18,NA,play_wrestle,M,M
mm,13,15,NA,play_grab/slap/push,M,M
mm,13,15,NA,play_wrestle,M,M
mm,18,15,NA,play_pounce,M,M
mm,15,18,15,play_wrestle,M,M
mm,15,18,15,play_grab/slap/push,M,M
mm,15,18,15,play_grab/slap/push,M,M
mm,15,18,15,play_wrestle,M,M
mm,15,18,15,play_grab/slap/push,M,M
mm,15,18,15,play_wrestle,M,M
mm,15,18,15,play_wrestle,M,M
mm,15,18,15,play_grab/slap/push,M,M
mm,15,18,15,play_wrestle,M,M
mm,12,NA,12,sit_<1m,M,NA
mm,12,NA,NA,sit_<1m,M,NA
mm,14,20,14,disp_simple,F,F
mm,14,20,14,agr_chase,F,F
mm,NA,NA,NA,greet,NA,NA
mm,16,21,16,greet,F,F
mm,16,21,16,disp_proximity,F,F
mm,17,21,17,greet,F,F
mm,21,17,21,allogroom,F,F
mm,21,17,21,allogroom,F,F
mm,17,21,21,sit_<1m,F,F
mm,17,21,21,greet,F,F
mm,16,22,NA,greet,F,F
mm,14,21,14,sit_<1m,F,F
mm,22,21,NA,sit_<1m,F,F
mm,21,22,NA,greet,F,F
mm,NA,NA,NA,agr_chase,NA,NA
mm,NA,NA,NA,agr_chase,NA,NA
mm,22,12,12,greet,F,M
mm,12,22,12,play_wrestle,M,F
mm,12,22,12,play_grab/slap/push,M,F
mm,12,22,12,play_grab/slap/push,M,F
mm,22,12,12,play_grab/slap/push,F,M
mm,22,12,12,play_box,F,M
mm,22,12,12,play_wrestle,F,M
mm,12,22,12,play_box,M,F
mm,22,12,12,play_wrestle,F,M
mm,22,12,12,play_grab/slap/push,F,M
mm,12,22,12,greet,M,F
mm,12,22,NA,greet,M,F
mm,12,22,12,play_grab/slap/push,M,F
mm,12,22,12,agr_chase,M,F
mm,22,12,12,play_mount,F,M
mm,12,22,12,play_grab/slap/push,M,F
mm,12,22,12,play_bite,M,F
mm,22,12,12,play_bite,F,M
mm,22,12,12,play_box,F,M
mm,22,12,12,play_grab/slap/push,F,M
mm,12,22,12,play_grab/slap/push,M,F
mm,12,22,12,play_grab/slap/push,M,F
mm,12,22,12,play_wrestle,M,F
mm,17,13,17,agr_chase,F,M
mm,17,13,17,disp_proximity,F,M
mm,13,17,13,disp_proximity,M,F
mm,12,18,12,play_wrestle,M,M
mm,12,18,12,play_grab/slap/push,M,M
mm,12,18,12,play_wrestle,M,M
mm,12,18,18,play_wrestle,M,M
mm,12,18,18,play_mouthspar,M,M
mm,12,18,18,play_wrestle,M,M
mm,18,12,NA,play_mount,M,M
mm,18,12,NA,play_bite,M,M
mm,18,12,18,play_grab/slap/push,M,M
mm,18,12,18,play_mount,M,M
mm,12,13,NA,greet,M,M
mm,12,13,12,play_mouthspar,M,M
mm,14,18,14,agr_chase,F,M
mm,16,14,NA,sit_<1m,F,F
mm,21,14,NA,greet,F,F
mm,21,16,NA,greet,F,F
mm,21,16,NA,greet,F,F
mm,21,17,NA,allogroom,F,F
mm,14,21,NA,sit_bc,F,F
mm,14,21,NA,greet,F,F
mm,14,21,NA,sit_bc,F,F
mm,14,17,NA,greet,F,F
mm,14,21,NA,sit_<1m,F,F
mm,21,16,16,play_grab/slap/push,F,F
mm,16,21,16,play_wrestle,F,F
mm,21,17,NA,play_chase,F,F
mm,21,17,NA,play_bite,F,F
mm,21,17,NA,allogroom,F,F
mm,14,NA,NA,agr_chase,F,NA
mm,13,21,13,play_grab/slap/push,M,F
mm,13,21,13,play_grab/slap/push,M,F
mm,13,21,13,play_mouthspar,M,F
mm,13,21,13,play_grab/slap/push,M,F
mm,13,21,13,play_grab/slap/push,M,F
mm,13,21,13,play_wrestle,M,F
mm,13,21,NA,play_wrestle,M,F
mm,13,21,NA,play_chase,M,F
mm,21,13,NA,play_mouthspar,F,M
mm,13,22,NA,greet,M,F
mm,17,NA,NA,greet,F,NA
mm,21,17,NA,allogroom,F,F
mm,21,15,NA,sit_<1m,F,M
mm,16,17,16,allogroom,F,F
mm,21,16,NA,play_chase,F,F
mm,14,16,NA,agr_chase,F,F
mm,14,16,NA,disp_simple,F,F
mm,14,NA,NA,allogroom,F,NA
mm,14,NA,NA,sit_bc,F,NA
mm,14,NA,NA,greet,F,NA
mm,14,NA,NA,agr_chase,F,NA
mm,14,NA,NA,greet,F,NA
mm,14,NA,NA,disp_proximity,F,NA
mm,14,NA,14,sit_bc,F,NA
mm,NA,NA,NA,greet,NA,NA
mm,NA,NA,NA,allogroom,NA,NA
mm,NA,NA,NA,allogroom,NA,NA
mm,17,14,NA,sit_bc,F,F
mm,NA,NA,NA,greet,NA,NA
mm,14,NA,14,sit_<1m,F,NA
mm,NA,NA,NA,sit_bc,NA,NA
mm,NA,NA,NA,sit_bc,NA,NA
mm,14,NA,NA,sit_<1m,F,NA
mm,14,NA,NA,allogroom,F,NA
mm,NA,14,NA,greet,NA,F
mm,14,NA,NA,sit_bc,F,NA
mm,14,NA,NA,sit_bc,F,NA
mm,14,NA,NA,sit_bc,F,NA
mm,14,NA,NA,sit_bc,F,NA
mm,NA,NA,NA,sit_bc,NA,NA
mm,NA,NA,NA,sit_bc,NA,NA
mm,NA,NA,NA,sit_bc,NA,NA
mm,17,NA,17,sit_bc,F,NA
mm,NA,NA,NA,allogroom,NA,NA
mm,14,NA,NA,sit_<1m,F,NA
mm,14,NA,NA,sit_bc,F,NA
mm,17,NA,NA,sit_bc,F,NA
mm,17,NA,NA,allogroom,F,NA
mm,NA,14,NA,greet,NA,F
mm,14,NA,NA,sit_bc,F,NA
mm,14,NA,NA,sit_bc,F,NA
mm,NA,NA,NA,sit_bc,NA,NA
mm,NA,14,NA,greet,NA,F
mm,NA,14,NA,greet,NA,F
mm,NA,14,NA,sit_bc,NA,F
mm,22,15,15,sit_bc,F,M
mm,NA,NA,NA,greet,NA,NA
mm,21,22,22,greet,F,F
mm,21,22,22,sit_<1m,F,F
mm,13,18,13,greet,M,M
mm,13,18,13,play_bite,M,M
mm,13,18,13,play_pounce,M,M
mm,18,15,15,play_wrestle,M,M
mm,15,16,15,allogroom,M,F
mm,15,16,15,play_bite,M,F
mm,15,16,15,play_grab/slap/push,M,F
mm,15,16,15,play_bite,M,F
mm,15,16,15,play_grab/slap/push,M,F
mm,15,16,15,play_wrestle,M,F
mm,15,16,15,play_grab/slap/push,M,F
mm,15,16,15,play_bite,M,F
mm,15,16,15,play_grab/slap/push,M,F
mm,15,16,15,play_wrestle,M,F
mm,15,16,15,play_wrestle,M,F
mm,15,NA,15,play_wrestle,M,NA
mm,16,NA,NA,play_wrestle,F,NA
mm,15,22,22,sit_bc,M,F
mm,21,NA,NA,sit_<1m,F,NA
mm,17,14,17,sit_bc,F,F
mm,14,17,14,sit_<1m,F,F
mm,14,21,14,disp_proximity,F,F
mm,21,17,17,sit_<1m,F,F
mm,21,14,14,greet,F,F
mm,14,21,14,greet,F,F
mm,21,16,16,sit_<1m,F,F
mm,21,16,16,sit_bc,F,F
mm,21,14,14,sit_<1m,F,F
mm,21,16,16,sit_bc,F,F
mm,14,21,14,play_chase,F,F
mm,22,18,NA,greet,F,M
mm,15,NA,NA,play_mouthspar,M,NA
mm,15,NA,NA,play_wrestle,M,NA
mm,15,NA,NA,play_box,M,NA
mm,15,NA,15,play_mouthspar,M,NA
mm,15,NA,NA,play_wrestle,M,NA
mm,15,NA,NA,play_mouthspar,M,NA
mm,15,NA,NA,play_box,M,NA
mm,15,12,12,play_grab/slap/push,M,M
mm,15,12,15,play_grab/slap/push,M,M
mm,15,12,15,play_wrestle,M,M
mm,15,12,15,play_chase,M,M
mm,15,12,15,play_wrestle,M,M
mm,15,12,15,play_grab/slap/push,M,M
mm,15,12,15,play_grab/slap/push,M,M
mm,15,12,15,play_mouthspar,M,M
mm,15,12,15,play_grab/slap/push,M,M
mm,15,12,15,play_wrestle,M,M
mm,15,NA,15,sit_bc,M,NA
mm,15,NA,15,play_grab/slap/push,M,NA
mm,15,NA,15,play_box,M,NA
mm,15,NA,15,play_grab/slap/push,M,NA
mm,15,NA,15,play_mouthspar,M,NA
mm,15,NA,15,play_wrestle,M,NA
mm,15,NA,15,play_grab/slap/push,M,NA
mm,15,NA,15,play_wrestle,M,NA
mm,15,NA,15,play_grab/slap/push,M,NA
mm,15,NA,15,play_wrestle,M,NA
mm,15,NA,15,play_grab/slap/push,M,NA
mm,15,NA,15,play_wrestle,M,NA
mm,15,NA,15,play_chase,M,NA
mm,15,NA,15,play_wrestle,M,NA
mm,15,NA,15,play_grab/slap/push,M,NA
mm,15,NA,15,play_wrestle,M,NA
mm,15,NA,15,play_grab/slap/push,M,NA
mm,15,NA,15,play_box,M,NA
mm,15,NA,15,play_grab/slap/push,M,NA
mm,15,NA,15,play_wrestle,M,NA
mm,15,NA,15,play_grab/slap/push,M,NA
mm,15,NA,15,play_wrestle,M,NA
mm,15,NA,15,play_grab/slap/push,M,NA
mm,15,NA,15,play_chase,M,NA
mm,15,NA,15,play_chase,M,NA
mm,15,NA,15,disp_proximity,M,NA
mm,15,18,NA,play_grab/slap/push,M,M
mm,15,18,NA,play_wrestle,M,M
mm,15,18,NA,play_grab/slap/push,M,M
mm,15,18,NA,play_wrestle,M,M
mm,15,18,NA,play_bite,M,M
mm,15,18,NA,play_wrestle,M,M
mm,15,18,NA,play_grab/slap/push,M,M
mm,15,18,NA,play_bite,M,M
mm,15,18,NA,play_wrestle,M,M
mm,15,18,NA,play_bite,M,M
mm,15,18,NA,play_grab/slap/push,M,M
mm,15,18,NA,play_wrestle,M,M
mm,15,18,NA,play_grab/slap/push,M,M
mm,15,18,NA,play_wrestle,M,M
mm,15,18,NA,play_grab/slap/push,M,M
mm,15,18,NA,play_wrestle,M,M
mm,15,18,NA,play_grab/slap/push,M,M
mm,15,18,NA,play_wrestle,M,M
mm,15,18,NA,play_bite,M,M
mm,15,18,NA,play_grab/slap/push,M,M
mm,15,18,NA,play_grab/slap/push,M,M
mm,15,18,NA,play_wrestle,M,M
mm,15,18,NA,play_bite,M,M
mm,15,18,NA,play_wrestle,M,M
mm,15,18,NA,play_grab/slap/push,M,M
mm,15,18,NA,play_wrestle,M,M
mm,17,21,17,sit_<1m,F,F
mm,15,NA,NA,play_grab/slap/push,M,NA
mm,18,NA,NA,play_wrestle,M,NA
mm,18,NA,NA,play_grab/slap/push,M,NA
mm,18,NA,NA,play_wrestle,M,NA
mm,13,18,NA,play_grab/slap/push,M,M
mm,13,18,NA,play_wrestle,M,M
mm,13,18,NA,play_grab/slap/push,M,M
mm,13,18,NA,play_wrestle,M,M
mm,13,18,NA,play_grab/slap/push,M,M
mm,13,18,NA,play_wrestle,M,M
mm,13,18,NA,play_grab/slap/push,M,M
mm,13,18,NA,play_wrestle,M,M
mm,13,18,NA,play_grab/slap/push,M,M
mm,13,18,NA,play_wrestle,M,M
mm,13,18,NA,play_grab/slap/push,M,M
mm,13,18,NA,play_wrestle,M,M
mm,13,18,NA,play_chase,M,M
mm,13,18,NA,play_grab/slap/push,M,M
mm,13,18,NA,play_bite,M,M
mm,13,18,NA,play_grab/slap/push,M,M
mm,13,18,NA,play_wrestle,M,M
mm,13,18,NA,play_grab/slap/push,M,M
mm,13,18,NA,play_wrestle,M,M
mm,13,18,13,play_grab/slap/push,M,M
mm,13,18,13,play_wrestle,M,M
mm,13,18,13,play_chase,M,M
mm,15,NA,NA,play_grab/slap/push,M,NA
mm,18,13,NA,play_wrestle,M,M
mm,15,13,15,play_grab/slap/push,M,M
mm,15,18,NA,play_grab/slap/push,M,M
mm,21,NA,NA,disp_simple,F,NA
mm,16,13,13,greet,F,M
mm,17,22,NA,allogroom,F,F
mm,22,17,NA,sit_bc,F,F
mm,18,12,NA,play_mount,M,M
mm,18,12,NA,play_grab/slap/push,M,M
mm,15,12,NA,sit_<1m,M,M
mm,15,12,NA,allogroom,M,M
mm,15,12,NA,play_grab/slap/push,M,M
mm,15,12,NA,play_bite,M,M
mm,18,12,18,play_grab/slap/push,M,M
mm,13,NA,13,greet,M,NA
mm,13,NA,13,play_mount,M,NA
mm,13,NA,13,play_wrestle,M,NA
mm,13,NA,13,play_grab/slap/push,M,NA
mm,13,NA,13,play_wrestle,M,NA
mm,21,13,13,greet,F,M
mm,22,NA,NA,sit_<1m,F,NA
mm,15,NA,15,sit_<1m,M,NA
mm,17,16,16,greet,F,F
mm,17,16,16,sit_<1m,F,F
mm,17,13,NA,agr_chase,F,M
mm,17,22,22,greet,F,F
mm,17,22,22,sit_bc,F,F
mm,17,22,17,fg_tog,F,F
mm,17,22,17,sit_bc,F,F
mm,17,22,17,sit_<1m,F,F
mm,14,21,NA,sit_bc,F,F
mm,14,21,NA,sit_<1m,F,F
mm,22,21,NA,sit_<1m,F,F
mm,21,17,21,sit_<1m,F,F
mm,14,16,16,sit_<1m,F,F
mm,17,NA,17,sit_bc,F,NA
mm,NA,NA,NA,play_wrestle,NA,NA
mm,NA,NA,NA,sit_bc,NA,NA
mm,14,17,14,sit_bc,F,F
mm,NA,14,14,sit_bc,NA,F
mm,NA,14,14,sit_bc,NA,F
mm,NA,NA,NA,sit_bc,NA,NA
mm,NA,14,14,greet,NA,F
mm,NA,14,14,sit_bc,NA,F
mm,14,NA,14,allogroom,F,NA
mm,NA,14,14,allogroom,NA,F
mm,NA,14,14,greet,NA,F
mm,NA,17,NA,sit_bc,NA,F
mm,17,NA,NA,allogroom,F,NA
mm,22,17,17,allogroom,F,F
mm,22,17,17,sit_bc,F,F
mm,17,14,14,sit_bc,F,F
mm,22,17,17,sit_bc,F,F
mm,22,17,17,allogroom,F,F
mm,22,17,NA,sit_bc,F,F
mm,22,17,NA,allogroom,F,F
mm,NA,22,22,sit_bc,NA,F
mm,NA,17,17,sit_bc,NA,F
mm,17,NA,17,allogroom,F,NA
mm,22,17,22,sit_bc,F,F
mm,22,17,22,allogroom,F,F
mm,14,17,14,greet,F,F
mm,14,17,14,sit_<1m,F,F
mm,14,NA,14,agr_chase,F,NA
mm,17,14,14,sit_bc,F,F
mm,NA,17,NA,fg_tog,NA,F
mm,NA,NA,NA,sit_bc,NA,NA
mm,14,NA,NA,greet,F,NA
mm,14,NA,14,disp_simple,F,NA
mm,NA,NA,NA,sit_<1m,NA,NA
mm,NA,17,NA,sit_bc,NA,F
mm,NA,NA,NA,sit_<1m,NA,NA
mm,NA,NA,NA,sit_bc,NA,NA
mm,NA,NA,NA,sit_bc,NA,NA
mm,NA,NA,NA,sit_bc,NA,NA
mm,NA,NA,NA,allogroom,NA,NA
mm,17,NA,17,sit_<1m,F,NA
mm,15,18,18,sit_bc,M,M
mm,15,18,18,play_bite,M,M
mm,12,18,NA,play_bite,M,M
mm,12,18,NA,play_grab/slap/push,M,M
mm,12,18,NA,play_wrestle,M,M
mm,18,12,18,play_wrestle,M,M
mm,18,12,18,play_grab/slap/push,M,M
mm,18,12,18,play_mouthspar,M,M
mm,12,15,NA,sniff_ag,M,M
mm,15,12,NA,play_bite,M,M
mm,12,15,NA,play_bite,M,M
mm,15,12,NA,play_grab/slap/push,M,M
mm,15,12,NA,play_bite,M,M
mm,12,15,NA,play_pounce,M,M
mm,12,15,NA,play_grab/slap/push,M,M
mm,12,15,NA,play_wrestle,M,M
mm,15,12,NA,play_grab/slap/push,M,M
mm,15,12,NA,play_mouthspar,M,M
mm,12,15,NA,play_grab/slap/push,M,M
mm,12,15,NA,play_mouthspar,M,M
mm,15,12,NA,play_bite,M,M
mm,15,12,NA,play_grab/slap/push,M,M
mm,12,15,NA,play_wrestle,M,M
mm,12,15,NA,play_pounce,M,M
mm,12,15,NA,play_wrestle,M,M
mm,15,12,NA,play_box,M,M
mm,15,12,NA,play_grab/slap/push,M,M
mm,15,12,NA,play_mouthspar,M,M
mm,15,12,NA,play_bite,M,M
mm,15,12,NA,play_grab/slap/push,M,M
mm,12,15,NA,play_bite,M,M
mm,12,15,NA,play_wrestle,M,M
mm,12,15,NA,play_bite,M,M
mm,18,21,NA,sit_<1m,M,F
mm,18,15,NA,sit_<1m,M,M
mm,18,15,18,sit_bc,M,M
mm,13,15,NA,play_wrestle,M,M
mm,13,15,NA,play_bite,M,M
mm,13,15,13,play_grab/slap/push,M,M
mm,12,16,NA,play_wrestle,M,F
mm,13,16,13,play_grab/slap/push,M,F
mm,13,16,13,play_wrestle,M,F
mm,15,16,15,play_wrestle,M,F
mm,18,NA,NA,play_mouthspar,M,NA
mm,NA,14,NA,sit_<1m,NA,F
mm,16,12,NA,play_wrestle,F,M
mm,18,14,18,disp_proximity,M,F
mm,18,21,NA,sit_bc,M,F
mm,18,21,18,disp_simple,M,F
mm,18,15,NA,play_mouthspar,M,M
mm,14,21,21,sit_bc,F,F
mm,15,16,16,play_bite,M,F
mm,12,16,16,play_bite,M,F
mm,15,NA,NA,sit_<1m,M,NA
mm,12,15,NA,play_wrestle,M,M
mm,12,15,NA,play_pounce,M,M
mm,12,22,NA,play_wrestle,M,F
mm,12,22,12,play_wrestle,M,F
mm,12,15,NA,play_wrestle,M,M
mm,12,15,12,play_wrestle,M,M
mm,13,15,NA,play_wrestle,M,M
mm,15,16,NA,sit_<1m,M,F
mm,12,16,16,sit_bc,M,F
mm,13,15,NA,sit_bc,M,M
mm,13,15,NA,allogroom,M,M
mm,16,21,NA,sit_bc,F,F
mm,21,18,18,sit_bc,F,M
mm,18,15,18,sit_bc,M,M
mm,21,NA,NA,sit_bc,F,NA
mm,18,12,NA,sit_bc,M,M
mm,18,13,NA,sit_<1m,M,M
mm,16,12,NA,greet,F,M
mm,16,12,NA,sit_bc,F,M
mm,15,16,NA,sit_<1m,M,F
mm,22,13,NA,sit_bc,F,M
mm,22,13,NA,allogroom,F,M
mm,21,22,22,greet,F,F
mm,21,18,NA,greet,F,M
mm,21,18,NA,sit_bc,F,M
mm,12,18,NA,sit_<1m,M,M
mm,21,18,NA,sit_<1m,F,M
mm,22,13,NA,allogroom,F,M
mm,16,13,NA,play_pounce,F,M
mm,16,13,13,play_box,F,M
mm,13,16,16,greet,M,F
mm,22,18,NA,sniff_ag,F,M
mm,22,18,18,sit_bc,F,M
mm,15,18,NA,sit_bc,M,M
mm,16,18,16,sit_bc,F,M
mm,18,13,NA,greet,M,M
mm,18,16,18,play_bite,M,F
mm,16,NA,16,sit_bc,F,NA
mm,12,15,NA,play_wrestle,M,M
mm,22,12,NA,play_bite,F,M
mm,22,12,NA,play_bite,F,M
mm,15,12,15,play_wrestle,M,M
mm,12,15,15,play_wrestle,M,M
mm,15,12,15,play_mouthspar,M,M
mm,15,12,15,play_box,M,M
mm,12,15,NA,play_mouthspar,M,M
mm,12,15,NA,play_mouthspar,M,M
mm,12,15,15,play_box,M,M
mm,15,12,NA,play_bite,M,M
mm,12,15,NA,play_box,M,M
mm,15,12,15,play_box,M,M
mm,15,12,15,play_chase,M,M
mm,15,12,15,play_wrestle,M,M
mm,12,15,12,play_wrestle,M,M
mm,15,12,15,play_box,M,M
mm,15,12,NA,play_box,M,M
mm,12,15,NA,play_pounce,M,M
mm,12,15,NA,play_wrestle,M,M
mm,15,12,NA,play_wrestle,M,M
mm,14,NA,NA,agr_chase,F,NA
mm,14,12,14,agr_bite,F,M
mm,15,13,15,sit_bc,M,M
mm,22,21,NA,greet,F,F
mm,22,21,21,sit_bc,F,F
mm,21,22,NA,allogroom,F,F
mm,18,22,22,greet,M,F
mm,18,16,NA,greet,M,F
mm,18,16,NA,sit_bc,M,F
mm,16,18,NA,play_wrestle,F,M
mm,18,16,16,play_box,M,F
mm,12,18,NA,play_box,M,M
mm,16,12,NA,play_pounce,F,M
mm,16,12,NA,play_wrestle,F,M
mm,16,12,NA,play_box,F,M
mm,16,12,NA,play_mouthspar,F,M
mm,13,17,17,sit_bc,M,F
mm,12,15,15,play_wrestle,M,M
mm,15,NA,15,play_wrestle,M,NA
mm,16,14,NA,sit_<1m,F,F
mm,14,16,14,agr_bite,F,F
mm,14,22,14,agr_chase,F,F
mm,14,NA,14,sit_<1m,F,NA
mm,13,12,12,sit_<1m,M,M
mm,12,15,15,play_box,M,M
mm,12,15,NA,play_mouthspar,M,M
mm,15,12,12,play_box,M,M
mm,13,12,13,play_mount,M,M
mm,12,13,13,play_box,M,M
mm,13,12,NA,play_chase,M,M
mm,12,13,13,sit_<1m,M,M
mm,12,18,18,play_box,M,M
mm,15,13,13,play_box,M,M
mm,12,13,13,play_box,M,M
mm,13,12,NA,play_mount,M,M
mm,18,13,NA,play_bite,M,M
mm,13,12,12,play_box,M,M
mm,15,13,NA,play_chase,M,M
mm,15,13,NA,play_box,M,M
mm,15,13,NA,play_bite,M,M
mm,12,22,12,play_box,M,F
mm,12,21,NA,play_box,M,F
mm,12,22,12,play_wrestle,M,F
mm,12,22,12,play_box,M,F
mm,12,22,12,play_wrestle,M,F
mm,12,22,12,play_wrestle,M,F
mm,12,21,NA,play_box,M,F
mm,12,21,NA,play_box,M,F
mm,12,22,NA,play_bite,M,F
mm,12,22,12,play_chase,M,F
mm,12,22,NA,play_box,M,F
mm,12,22,12,play_wrestle,M,F
mm,12,22,12,play_chase,M,F
mm,12,22,NA,play_box,M,F
mm,12,22,NA,play_wrestle,M,F
mm,13,22,NA,play_wrestle,M,F
mm,12,22,NA,play_pounce,M,F
mm,13,12,NA,play_pounce,M,M
mm,13,12,13,play_wrestle,M,M
mm,13,12,13,play_chase,M,M
mm,18,13,NA,greet,M,M
mm,18,13,18,play_box,M,M
mm,13,15,NA,play_bite,M,M
mm,13,15,NA,play_wrestle,M,M
mm,18,16,16,play_box,M,F
mm,16,15,NA,play_wrestle,F,M
mm,15,13,13,play_wrestle,M,M
mm,16,13,13,play_wrestle,F,M
mm,13,16,NA,play_box,M,F
mm,13,16,13,play_wrestle,M,F
mm,15,18,NA,play_wrestle,M,M
mm,13,15,NA,play_pounce,M,M
mm,13,15,NA,play_pounce,M,M
mm,13,15,15,play_box,M,M
mm,18,15,NA,play_wrestle,M,M
mm,15,13,NA,play_wrestle,M,M
mm,13,16,NA,play_wrestle,M,F
mm,15,16,15,play_wrestle,M,F
mm,15,16,15,play_wrestle,M,F
mm,15,18,15,play_wrestle,M,M
mm,13,16,16,play_bite,M,F
mm,16,13,16,play_pounce,F,M
mm,16,13,13,play_box,F,M
mm,16,13,13,play_wrestle,F,M
mm,16,13,NA,play_mouthspar,F,M
mm,18,12,NA,play_wrestle,M,M
mm,12,13,NA,play_wrestle,M,M
mm,18,13,NA,play_wrestle,M,M
mm,12,18,NA,play_wrestle,M,M
mm,12,18,NA,play_mouthspar,M,M
mm,15,18,NA,play_wrestle,M,M
mm,12,18,12,play_box,M,M
mm,12,18,12,play_wrestle,M,M
mm,18,12,18,play_bite,M,M
mm,12,18,12,play_wrestle,M,M
mm,18,12,18,play_box,M,M
mm,12,18,NA,play_bite,M,M
mm,12,18,12,play_wrestle,M,M
mm,12,18,12,play_wrestle,M,M
mm,12,18,12,play_wrestle,M,M
mm,12,18,12,play_box,M,M
mm,12,18,12,play_wrestle,M,M
mm,12,18,12,play_bite,M,M
mm,18,12,18,play_bite,M,M
mm,12,18,NA,play_pounce,M,M
mm,18,12,18,play_wrestle,M,M
mm,12,18,12,play_box,M,M
mm,12,18,12,play_chase,M,M
mm,14,22,14,agr_chase,F,F
mm,18,12,18,play_wrestle,M,M
mm,12,18,12,play_box,M,M
mm,13,22,13,play_box,M,F
mm,13,22,13,play_wrestle,M,F
mm,13,22,13,play_chase,M,F
mm,13,22,13,play_wrestle,M,F
mm,21,NA,NA,sit_bc,F,NA
mm,16,22,NA,sit_<1m,F,F
mm,14,22,14,disp_proximity,F,F
mm,14,16,NA,agr_chase,F,F
mm,21,16,NA,greet,F,F
mm,16,21,16,sit_<1m,F,F
mm,14,16,14,agr_chase,F,F
mm,17,13,NA,disp_proximity,F,M
mm,14,NA,NA,agr_chase,F,NA
mm,15,13,NA,play_wrestle,M,M
mm,14,21,14,agr_chase,F,F
mm,15,12,NA,play_wrestle,M,M
mm,12,15,15,play_box,M,M
mm,15,12,NA,sniff_ag,M,M
mm,12,15,NA,play_bite,M,M
mm,16,12,NA,greet,F,M
mm,16,12,12,play_wrestle,F,M
mm,16,12,12,allogroom,F,M
mm,16,12,12,play_pounce,F,M
mm,16,12,12,play_bite,F,M
mm,12,16,NA,play_wrestle,M,F
mm,12,16,12,play_box,M,F
mm,12,16,12,play_bite,M,F
mm,17,22,17,play_bite,F,F
mm,15,22,NA,play_wrestle,M,F
mm,17,16,17,sit_<1m,F,F
mm,12,22,12,play_box,M,F
mm,16,18,NA,greet,F,M
mm,18,16,18,play_mount,M,F
mm,18,16,18,play_box,M,F
mm,18,16,16,play_wrestle,M,F
mm,18,16,18,play_wrestle,M,F
mm,18,16,18,play_mount,M,F
mm,16,NA,NA,play_box,F,NA
mm,16,NA,NA,play_wrestle,F,NA
mm,18,NA,NA,play_wrestle,M,NA
mm,14,16,14,agr_chase,F,F
mm,21,16,NA,sit_bc,F,F
mm,18,21,NA,play_box,M,F
mm,18,NA,18,play_wrestle,M,NA
mm,21,18,21,play_wrestle,F,M
mm,21,18,18,play_box,F,M
mm,18,21,18,play_box,M,F
mm,18,21,21,play_wrestle,M,F
mm,18,21,18,play_box,M,F
mm,18,21,18,play_wrestle,M,F
mm,18,21,21,sniff_ag,M,F
mm,21,18,21,play_box,F,M
mm,18,21,18,play_wrestle,M,F
mm,21,16,NA,play_bite,F,F
mm,21,16,NA,play_bite,F,F
mm,16,18,18,play_box,F,M
mm,18,16,18,play_wrestle,M,F
mm,18,21,18,play_box,M,F
mm,18,21,NA,play_wrestle,M,F
mm,21,18,18,play_box,F,M
mm,18,21,18,play_wrestle,M,F
mm,15,NA,NA,sit_bc,M,NA
mm,14,15,15,greet,F,M
mm,14,NA,14,sit_<1m,F,NA
mm,17,NA,17,agr_chase,F,NA
mm,18,22,22,greet,M,F
mm,15,NA,15,play_wrestle,M,NA
mm,14,22,14,disp_proximity,F,F
mm,14,22,14,agr_chase,F,F
mm,13,21,13,play_box,M,F
mm,13,22,13,play_box,M,F
mm,13,22,22,play_mouthspar,M,F
mm,13,22,13,play_box,M,F
mm,13,22,13,play_box,M,F
mm,13,22,13,play_bite,M,F
mm,13,22,13,play_box,M,F
mm,14,22,14,disp_proximity,F,F
mm,21,13,NA,sit_bc,F,M
mm,14,21,14,disp_proximity,F,F
mm,14,13,14,disp_proximity,F,M
mm,16,15,NA,greet,F,M
mm,21,NA,21,sit_bc,F,NA
mm,13,21,13,play_wrestle,M,F
mm,13,12,12,greet,M,M
mm,13,12,NA,sit_<1m,M,M
mm,13,12,NA,sit_<1m,M,M
mm,16,22,NA,sit_<1m,F,F
mm,12,13,NA,sit_bc,M,M
mm,12,13,13,play_box,M,M
mm,12,13,NA,play_wrestle,M,M
mm,12,13,12,play_box,M,M
mm,12,13,13,sit_<1m,M,M
mm,13,12,13,play_bite,M,M
mm,14,17,14,sit_bc,F,F
mm,17,14,17,sit_bc,F,F
mm,NA,17,17,sit_<1m,NA,F
mm,14,17,17,sit_bc,F,F
mm,17,14,NA,sit_bc,F,F
mm,14,NA,14,agr_chase,F,NA
mm,17,14,NA,sit_<1m,F,F
mm,14,17,17,greet,F,F
mm,14,17,17,sit_<1m,F,F
mm,17,14,14,allogroom,F,F
mm,14,17,NA,sit_<1m,F,F
mm,14,17,NA,sit_<1m,F,F
mm,21,14,NA,sit_<1m,F,F
mm,14,12,NA,play_chase,F,M
mm,14,13,14,greet,F,M
mm,14,22,NA,play_chase,F,F
mm,14,16,16,greet,F,F
mm,14,18,NA,play_chase,F,M
mm,16,21,NA,greet,F,F
mm,16,21,NA,sit_<1m,F,F
mm,16,21,NA,greet,F,F
mm,16,21,NA,sit_<1m,F,F
mm,14,13,14,greet,F,M
mm,14,13,14,sit_<1m,F,M
mm,16,13,16,greet,F,M
mm,16,13,16,sit_<1m,F,M
mm,16,14,14,sit_<1m,F,F
mm,12,18,12,play_bite,M,M
mm,18,12,NA,sit_<1m,M,M
mm,22,18,NA,sit_<1m,F,M
mm,22,12,NA,sit_<1m,F,M
mm,22,12,12,play_box,F,M
mm,22,18,NA,play_wrestle,F,M
mm,22,18,NA,sit_<1m,F,M
mm,12,18,NA,play_box,M,M
mm,12,18,NA,play_grab/slap/push,M,M
mm,15,14,NA,sit_bc,M,F
mm,21,16,NA,sit_bc,F,F
mm,15,13,13,sit_bc,M,M
mm,13,15,13,play_wrestle,M,M
mm,15,21,NA,greet,M,F
mm,16,18,16,greet,F,M
mm,16,18,16,sit_<1m,F,M
mm,16,15,16,sit_<1m,F,M
mm,16,15,16,greet,F,M
mm,16,15,16,greet,F,M
mm,16,15,16,allogroom,F,M
mm,16,15,16,sit_<1m,F,M
mm,16,15,16,allogroom,F,M
mm,22,NA,NA,sit_<1m,F,NA
mm,22,18,18,sit_<1m,F,M
mm,22,13,13,sit_<1m,F,M
mm,NA,18,18,sit_<1m,NA,M
mm,NA,13,13,sit_<1m,NA,M
mm,18,13,NA,sit_<1m,M,M
mm,15,21,NA,play_grab/slap/push,M,F
mm,15,13,15,play_mouthspar,M,M
mm,21,16,21,play_box,F,F
mm,21,16,21,play_pounce,F,F
mm,21,16,21,play_grab/slap/push,F,F
mm,16,21,21,play_pounce,F,F
mm,12,13,13,play_pounce,M,M
mm,12,13,13,play_mount,M,M
mm,12,13,13,play_bite,M,M
mm,21,NA,NA,sit_bc,F,NA
mm,12,13,NA,play_grab/slap/push,M,M
mm,13,12,NA,play_mount,M,M
mm,13,12,12,play_grab/slap/push,M,M
mm,13,12,12,play_bite,M,M
mm,13,12,12,play_mount,M,M
mm,13,12,12,play_bite,M,M
mm,12,13,12,play_grab/slap/push,M,M
mm,13,12,12,play_mount,M,M
mm,13,12,12,play_wrestle,M,M
mm,13,12,12,play_mouthspar,M,M
mm,13,12,12,play_wrestle,M,M
mm,13,12,12,play_mount,M,M
mm,13,12,12,play_wrestle,M,M
mm,13,12,12,play_mount,M,M
mm,13,12,12,play_wrestle,M,M
mm,NA,18,NA,greet,NA,M
mm,21,NA,NA,play_wrestle,F,NA
mm,22,12,12,play_wrestle,F,M
mm,21,NA,NA,allogroom,F,NA
mm,15,NA,NA,greet,M,NA
mm,15,NA,NA,sniff_ag,M,NA
mm,NA,15,NA,play_bite,NA,M
mm,18,NA,NA,greet,M,NA
mm,15,18,NA,sit_bc,M,M
mm,15,18,NA,allogroom,M,M
mm,NA,18,NA,greet,NA,M
mm,NA,18,NA,allogroom,NA,M
mm,12,15,12,play_grab/slap/push,M,M
mm,15,12,12,play_mount,M,M
mm,12,15,12,play_grab/slap/push,M,M
mm,15,12,12,play_wrestle,M,M
mm,12,15,NA,play_grab/slap/push,M,M
mm,12,15,NA,play_bite,M,M
mm,15,12,NA,play_grab/slap/push,M,M
mm,15,18,NA,play_pounce,M,M
mm,15,18,NA,play_wrestle,M,M
mm,18,15,NA,play_mount,M,M
mm,12,18,12,play_grab/slap/push,M,M
mm,12,22,12,play_grab/slap/push,M,F
mm,21,12,12,play_mount,F,M
mm,22,21,22,play_pounce,F,F
mm,22,12,12,play_pounce,F,M
mm,22,21,22,play_wrestle,F,F
mm,22,12,12,play_wrestle,F,M
mm,21,12,12,play_wrestle,F,M
mm,18,12,NA,play_wrestle,M,M
mm,12,18,NA,play_grab/slap/push,M,M
mm,18,12,NA,play_mount,M,M
mm,18,12,NA,play_wrestle,M,M
mm,12,18,NA,play_grab/slap/push,M,M
mm,12,18,NA,play_mouthspar,M,M
mm,18,12,NA,play_wrestle,M,M
mm,12,NA,NA,greet,M,NA
mm,22,NA,NA,play_bite,F,NA
mm,NA,22,NA,play_grab/slap/push,NA,F
mm,21,NA,NA,greet,F,NA
mm,13,22,13,play_grab/slap/push,M,F
mm,12,21,21,allogroom,M,F
mm,12,21,21,greet,M,F
mm,12,21,21,play_pounce,M,F
mm,21,16,21,greet,F,F
mm,21,16,21,sit_<1m,F,F
mm,21,16,16,sit_<1m,F,F
mm,22,21,22,greet,F,F
mm,22,21,22,sit_<1m,F,F
mm,16,22,22,sit_bc,F,F
mm,16,21,NA,fg_tog,F,F
mm,16,21,NA,sit_<1m,F,F
mm,14,21,14,disp_proximity,F,F
mm,14,16,14,disp_proximity,F,F
mm,14,22,14,disp_proximity,F,F
mm,14,16,14,disp_proximity,F,F
mm,14,16,14,agr_chase,F,F
mm,14,22,14,agr_chase,F,F
mm,22,18,NA,sit_bc,F,M
mm,22,13,NA,sit_bc,F,M
mm,22,12,NA,sit_bc,F,M
mm,18,13,NA,sit_bc,M,M
mm,18,12,NA,sit_bc,M,M
mm,13,12,NA,sit_bc,M,M
mm,22,18,NA,play_wrestle,F,M
mm,14,12,14,agr_grab/slap/push,F,M
mm,12,13,NA,fg_tog,M,M
mm,12,14,NA,fg_tog,M,F
mm,13,14,NA,fg_tog,M,F
mm,22,13,NA,sit_bc,F,M
mm,22,12,NA,sit_bc,F,M
mm,13,12,NA,sit_bc,M,M
mm,12,22,NA,allogroom,M,F
mm,12,13,NA,allogroom,M,M
mm,12,13,NA,play_wrestle,M,M
mm,12,22,NA,play_wrestle,M,F
mm,13,22,NA,play_wrestle,M,F
mm,22,18,NA,sit_<1m,F,M
mm,15,18,15,disp_proximity,M,M
mm,22,15,NA,play_wrestle,F,M
mm,15,22,NA,play_wrestle,M,F
mm,22,15,NA,play_mount,F,M
mm,22,15,NA,play_wrestle,F,M
mm,15,22,NA,play_chase,M,F
mm,14,15,NA,fg_tog,F,M
mm,14,18,14,fg_tog,F,M
mm,15,18,15,fg_tog,M,M
mm,14,16,14,agr_chase,F,F
mm,14,13,NA,sit_<1m,F,M
mm,14,21,14,disp_proximity,F,F
mm,21,14,14,sit_<1m,F,F
mm,21,14,14,sit_<1m,F,F
mm,21,14,14,sit_<1m,F,F
mm,14,22,14,agr_chase,F,F
mm,14,22,14,agr_wrestle,F,F
mm,21,14,14,sit_<1m,F,F
mm,14,21,14,agr_chase,F,F
mm,21,15,21,greet,F,M
mm,21,15,21,sit_bc,F,M
mm,21,15,21,allogroom,F,M
mm,15,21,21,allogroom,M,F
mm,18,16,NA,play_wrestle,M,F
mm,21,22,NA,greet,F,F
mm,21,22,NA,sit_bc,F,F
mm,21,22,NA,allogroom,F,F
mm,22,21,NA,allogroom,F,F
mm,NA,21,NA,greet,NA,F
mm,NA,22,NA,greet,NA,F
mm,NA,22,NA,play_wrestle,NA,F
mm,18,13,NA,play_wrestle,M,M
mm,18,NA,NA,play_wrestle,M,NA
mm,18,16,NA,play_wrestle,M,F
mm,13,16,NA,play_wrestle,M,F
mm,13,NA,NA,play_wrestle,M,NA
mm,NA,16,NA,play_wrestle,NA,F
mm,NA,18,NA,play_wrestle,NA,M
mm,14,16,14,agr_grab/slap/push,F,F
mm,14,16,14,agr_grab/slap/push,F,F
mm,14,NA,14,agr_chase,F,NA
mm,13,16,13,greet,M,F
mm,13,16,13,play_box,M,F
mm,13,16,13,sniff_ag,M,F
mm,13,16,13,play_box,M,F
mm,13,16,13,play_box,M,F
mm,16,13,NA,play_box,F,M
mm,13,16,NA,play_box,M,F
mm,13,16,16,sit_bc,M,F
mm,13,16,16,allogroom,M,F
mm,13,16,16,play_mount,M,F
mm,21,14,NA,greet,F,F
mm,21,14,NA,sit_<1m,F,F
mm,21,15,NA,disp_proximity,F,M
mm,21,15,21,sit_<1m,F,M
mm,21,14,NA,sit_<1m,F,F
mm,15,14,14,sit_<1m,M,F
mm,22,NA,NA,play_wrestle,F,NA
mm,14,NA,14,disp_proximity,F,NA
mm,21,15,15,play_wrestle,F,M
mm,14,13,14,agr_pounce,F,M
mm,14,13,14,agr_chase,F,M
mm,21,13,NA,play_wrestle,F,M
mm,14,16,14,agr_chase,F,F
mm,16,17,17,sit_<1m,F,F
mm,13,12,NA,play_mount,M,M
mm,12,13,NA,play_bite,M,M
mm,13,12,NA,play_wrestle,M,M
mm,18,12,12,play_wrestle,M,M
mm,18,13,13,play_wrestle,M,M
mm,13,12,NA,play_wrestle,M,M
mm,18,13,13,play_wrestle,M,M
mm,18,12,12,play_wrestle,M,M
mm,13,12,NA,play_wrestle,M,M
mm,13,12,NA,play_wrestle,M,M
mm,18,13,13,play_wrestle,M,M
mm,18,12,12,play_wrestle,M,M
mm,13,12,NA,play_wrestle,M,M
mm,14,18,14,agr_chase,F,M
mm,14,13,14,agr_chase,F,M
mm,14,12,14,agr_chase,F,M
mm,14,13,14,agr_bite,F,M
mm,18,12,18,greet,M,M
mm,18,12,18,play_wrestle,M,M
mm,14,18,14,agr_wrestle,F,M
mm,16,18,16,play_wrestle,F,M
mm,14,NA,14,disp_proximity,F,NA
mm,18,16,18,play_wrestle,M,F
mm,18,16,18,play_wrestle,M,F
mm,18,16,16,play_wrestle,M,F
mm,18,21,21,play_wrestle,M,F
mm,16,21,16,play_wrestle,F,F
mm,16,18,NA,play_wrestle,F,M
mm,14,16,NA,agr_chase,F,F
mm,14,16,NA,agr_chase,F,F
mm,14,17,14,agr_chase,F,F
mm,14,17,14,agr_chase,F,F
mm,14,17,14,agr_chase,F,F
mm,16,18,NA,sit_<1m,F,M
mm,17,NA,17,disp_proximity,F,NA
mm,NA,20,NA,sit_bc,NA,F
mm,15,14,NA,sit_<1m,M,F
mm,13,15,NA,sit_<1m,M,M
mm,21,15,NA,sit_<1m,F,M
mm,13,14,NA,sit_<1m,M,F
mm,21,14,NA,sit_<1m,F,F
mm,13,21,NA,sit_<1m,M,F
mm,14,21,14,agr_chase,F,F
mm,NA,21,21,greet,NA,F
mm,NA,21,21,sit_<1m,NA,F
mm,16,21,21,sit_bc,F,F
mm,16,21,21,allogroom,F,F
mm,17,16,NA,sit_<1m,F,F
mm,16,NA,16,sit_<1m,F,NA
mm,21,16,21,sit_<1m,F,F
mm,13,21,13,sit_<1m,M,F
mm,13,16,13,sit_<1m,M,F
mm,21,13,13,greet,F,M
mm,21,16,NA,sit_bc,F,F
mm,21,17,NA,sit_bc,F,F
mm,16,17,NA,sit_bc,F,F
mm,21,16,NA,sit_<1m,F,F
mm,16,17,NA,sit_<1m,F,F
mm,14,NA,NA,agr_chase,F,NA
mm,14,NA,NA,sit_bc,F,NA
mm,NA,14,NA,sit_<1m,NA,F
mm,NA,14,NA,allogroom,NA,F
mm,NA,17,NA,sit_bc,NA,F
mm,NA,14,NA,sit_bc,NA,F
mm,14,NA,NA,allogroom,F,NA
mm,14,NA,NA,sit_bc,F,NA
mm,14,NA,NA,sit_<1m,F,NA
mm,NA,14,14,sit_bc,NA,F
mm,NA,NA,NA,sit_bc,NA,NA
mm,17,14,NA,sit_bc,F,F
mm,NA,21,NA,sit_bc,NA,F
mm,17,NA,NA,sit_bc,F,NA
mm,17,21,NA,sit_bc,F,F
mm,14,NA,NA,sit_<1m,F,NA
mm,14,17,NA,sit_<1m,F,F
mm,14,NA,NA,sit_<1m,F,NA
mm,NA,NA,NA,sit_<1m,NA,NA
mm,17,NA,NA,sit_bc,F,NA
mm,14,17,NA,sit_bc,F,F
mm,NA,17,NA,sit_bc,NA,F
mm,17,14,NA,sit_<1m,F,F
mm,13,12,12,greet,M,M
mm,13,12,NA,play_mouthspar,M,M
mm,13,12,13,sit_<1m,M,M
mm,13,16,13,sit_<1m,M,F
mm,12,16,NA,sit_<1m,M,F
mm,18,16,18,sit_bc,M,F
mm,NA,18,18,sit_<1m,NA,M
mm,12,18,18,sit_<1m,M,M
mm,12,22,12,sit_<1m,M,F
mm,12,22,12,sit_<1m,M,F
mm,12,NA,12,sit_<1m,M,NA
mm,22,NA,NA,sit_<1m,F,NA
mm,18,NA,NA,greet,M,NA
mm,21,12,12,sit_bc,F,M
mm,18,NA,NA,sit_<1m,M,NA
mm,12,18,NA,sit_bc,M,M
mm,12,NA,NA,sit_bc,M,NA
mm,18,NA,NA,sit_bc,M,NA
mm,13,21,13,play_grab/slap/push,M,F
mm,13,21,13,allogroom,M,F
mm,21,13,13,play_grab/slap/push,F,M
mm,NA,18,NA,sit_bc,NA,M
mm,NA,18,NA,allogroom,NA,M
mm,NA,18,NA,play_mouthspar,NA,M
mm,18,13,NA,greet,M,M
mm,18,13,NA,play_mouthspar,M,M
mm,18,13,NA,play_grab/slap/push,M,M
mm,13,18,NA,play_wrestle,M,M
mm,13,18,NA,play_grab/slap/push,M,M
mm,13,18,NA,play_bite,M,M
mm,13,18,NA,play_grab/slap/push,M,M
mm,13,18,13,play_wrestle,M,M
mm,18,21,NA,greet,M,F
mm,18,21,21,sit_bc,M,F
mm,13,22,NA,play_grab/slap/push,M,F
mm,13,22,13,play_mouthspar,M,F
mm,16,NA,NA,greet,F,NA
mm,21,16,NA,sit_<1m,F,F
mm,22,21,NA,play_pounce,F,F
mm,22,21,NA,sit_bc,F,F
mm,22,16,NA,sit_bc,F,F
mm,21,16,NA,sit_bc,F,F
mm,21,16,NA,greet,F,F
mm,15,14,15,sit_<1m,M,F
mm,12,22,12,greet,M,F
mm,12,13,NA,play_grab/slap/push,M,M
mm,12,13,12,play_mouthspar,M,M
mm,12,13,12,play_wrestle,M,M
mm,12,13,NA,play_bite,M,M
mm,13,12,NA,play_mouthspar,M,M
mm,13,12,13,play_wrestle,M,M
mm,13,12,NA,play_bite,M,M
mm,12,13,12,play_mouthspar,M,M
mm,13,12,NA,play_grab/slap/push,M,M
mm,13,12,12,play_wrestle,M,M
mm,12,13,NA,play_bite,M,M
mm,13,12,NA,play_bite,M,M
mm,12,13,12,play_mouthspar,M,M
mm,22,12,NA,greet,F,M
mm,22,13,NA,greet,F,M
mm,12,13,NA,greet,M,M
mm,13,22,NA,play_bite,M,F
mm,13,NA,NA,play_grab/slap/push,M,NA
mm,13,12,NA,play_grab/slap/push,M,M
mm,13,12,NA,play_wrestle,M,M
mm,13,12,NA,play_bite,M,M
mm,13,12,NA,play_wrestle,M,M
mm,13,12,NA,play_grab/slap/push,M,M
mm,13,12,NA,play_mouthspar,M,M
mm,13,12,NA,play_grab/slap/push,M,M
mm,13,12,NA,play_bite,M,M
mm,13,12,NA,play_mouthspar,M,M
mm,13,12,NA,play_wrestle,M,M
mm,20,22,NA,play_pounce,F,F
mm,20,22,NA,play_bite,F,F
mm,13,12,13,play_bite,M,M
mm,13,12,13,play_grab/slap/push,M,M
mm,13,12,13,play_mouthspar,M,M
mm,13,12,13,play_wrestle,M,M
mm,20,21,21,sit_<1m,F,F
mm,13,21,13,sit_bc,M,F
mm,13,18,NA,play_grab/slap/push,M,M
mm,13,18,NA,play_grab/slap/push,M,M
mm,13,18,NA,play_wrestle,M,M
mm,13,18,NA,play_mouthspar,M,M
mm,18,13,NA,play_grab/slap/push,M,M
mm,13,18,NA,play_grab/slap/push,M,M
mm,13,18,NA,play_wrestle,M,M
mm,14,16,NA,greet,F,F
mm,14,16,NA,sit_bc,F,F
mm,21,15,15,greet,F,M
mm,13,22,13,play_wrestle,M,F
mm,13,22,13,play_bite,M,F
mm,13,22,13,play_wrestle,M,F
mm,13,22,13,play_grab/slap/push,M,F
mm,22,12,12,sit_bc,F,M
mm,22,12,12,sit_<1m,F,M
mm,22,13,NA,sit_<1m,F,M
mm,12,13,12,sit_<1m,M,M
mm,13,22,13,play_grab/slap/push,M,F
mm,13,22,13,play_wrestle,M,F
mm,13,22,NA,play_grab/slap/push,M,F
mm,13,22,NA,play_grab/slap/push,M,F
mm,22,13,NA,play_bite,F,M
mm,13,22,13,play_wrestle,M,F
mm,18,12,18,0,M,M
mm,12,22,NA,0,M,F
mm,13,15,13,play_grab/slap/push,M,M
mm,13,15,13,play_wrestle,M,M
mm,13,18,18,greet,M,M
mm,15,13,NA,play_grab/slap/push,M,M
mm,15,13,NA,play_wrestle,M,M
mm,15,13,NA,play_grab/slap/push,M,M
mm,15,22,NA,sit_<1m,M,F
mm,15,22,NA,play_grab/slap/push,M,F
mm,15,22,NA,play_grab/slap/push,M,F
mm,18,22,NA,play_grab/slap/push,M,F
mm,18,22,NA,play_bite,M,F
mm,15,18,NA,sit_bc,M,M
mm,22,15,NA,sit_<1m,F,M
mm,13,18,NA,play_grab/slap/push,M,M
mm,13,12,13,play_grab/slap/push,M,M
mm,13,12,13,play_grab/slap/push,M,M
mm,13,12,13,play_mouthspar,M,M
mm,12,22,12,play_grab/slap/push,M,F
mm,12,22,12,play_grab/slap/push,M,F
mm,12,18,NA,0,M,M
mm,21,18,21,play_grab/slap/push,F,M
mm,21,18,21,play_grab/slap/push,F,M
mm,21,18,21,play_wrestle,F,M
mm,15,18,15,greet,M,M
mm,15,18,15,allogroom,M,M
mm,15,18,15,disp,M,M
mm,12,15,NA,greet,M,M
mm,21,15,15,greet,F,M
mm,21,18,NA,greet,F,M
mm,21,18,NA,sit_<1m,F,M
mm,22,18,NA,sit_bc,F,M
mm,13,12,NA,play_grab/slap/push,M,M
mm,13,12,NA,play_grab/slap/push,M,M
mm,22,18,NA,sit_<1m,F,M
mm,22,15,22,sit_<1m,F,M
mm,18,15,18,sit_<1m,M,M
mm,22,18,NA,sit_<1m,F,M
mm,13,22,NA,play_bite,M,F
mm,13,22,NA,play_grab/slap/push,M,F
mm,22,13,13,play_bite,F,M
mm,22,13,13,play_grab/slap/push,F,M
mm,13,18,NA,play_bite,M,M
mm,13,18,NA,play_grab/slap/push,M,M
mm,18,13,NA,play_grab/slap/push,M,M
mm,18,13,NA,play_mouthspar,M,M
mm,18,13,NA,play_wrestle,M,M
mm,13,15,13,play_grab/slap/push,M,M
mm,13,15,13,play_mouthspar,M,M
mm,13,14,13,play_grab/slap/push,M,F
mm,13,14,13,disp,M,F
mm,13,15,NA,play_pounce,M,M
mm,13,15,NA,play_grab/slap/push,M,M
mm,13,15,NA,play_mouthspar,M,M
mm,13,15,NA,play_wrestle,M,M
mm,15,18,18,play_grab/slap/push,M,M
mm,15,18,18,play_mouthspar,M,M
mm,15,18,18,play_grab/slap/push,M,M
mm,18,15,NA,play_chase,M,M
mm,18,NA,NA,sit_<1m,M,NA
mm,14,13,NA,sit_<1m,F,M
mm,16,14,14,greet,F,F
mm,15,16,NA,play_grab/slap/push,M,F
mm,15,16,NA,play_bite,M,F
mm,15,16,NA,play_grab/slap/push,M,F
mm,16,15,15,play_grab/slap/push,F,M
mm,16,15,15,play_wrestle,F,M
mm,15,14,14,sit_<1m,M,F
mm,16,14,NA,sit_<1m,F,F
mm,21,14,14,greet,F,F
mm,13,16,13,play_grab/slap/push,M,F
mm,13,16,13,play_mouthspar,M,F
mm,13,16,13,play_grab/slap/push,M,F
mm,13,16,13,play_wrestle,M,F
mm,18,21,NA,play_grab/slap/push,M,F
mm,18,21,NA,play_grab/slap/push,M,F
mm,18,21,NA,play_wrestle,M,F
mm,18,21,NA,play_bite,M,F
mm,18,21,NA,play_grab/slap/push,M,F
mm,18,21,NA,play_wrestle,M,F
mm,13,16,13,play_grab/slap/push,M,F
mm,13,16,13,play_mouthspar,M,F
mm,13,16,13,play_grab/slap/push,M,F
mm,18,15,15,play_grab/slap/push,M,M
mm,18,15,15,play_mouthspar,M,M
mm,18,15,15,play_grab/slap/push,M,M
mm,18,15,15,play_pounce,M,M
mm,18,15,15,play_grab/slap/push,M,M
mm,18,15,15,play_wrestle,M,M
mm,15,18,15,play_bite,M,M
mm,18,15,18,play_grab/slap/push,M,M
mm,18,15,18,play_chase,M,M
mm,16,15,15,greet,F,M
mm,15,16,NA,play_grab/slap/push,M,F
mm,18,15,15,play_grab/slap/push,M,M
mm,18,15,15,play_grab/slap/push,M,M
mm,18,15,15,play_wrestle,M,M
mm,NA,NA,NA,greet,NA,NA
mm,22,12,12,sit_<1m,F,M
mm,14,12,14,sit_bc,F,M
mm,14,12,14,agr_grab/slap/push,F,M
mm,14,12,14,agr_bite,F,M
mm,15,16,15,greet,M,F
mm,18,15,15,greet,M,M
mm,15,18,NA,play_grab/slap/push,M,M
mm,18,15,NA,play_bite,M,M
mm,18,15,NA,play_grab/slap/push,M,M
mm,13,15,NA,play_grab/slap/push,M,M
mm,13,15,NA,play_mouthspar,M,M
mm,13,15,NA,play_wrestle,M,M
mm,21,15,NA,play_mount,F,M
mm,15,21,NA,play_bite,M,F
mm,15,21,NA,play_grab/slap/push,M,F
mm,21,15,21,play_grab/slap/push,F,M
mm,21,15,21,play_grab/slap/push,F,M
mm,21,15,21,play_mouthspar,F,M
mm,13,15,13,play_grab/slap/push,M,M
mm,13,21,13,play_grab/slap/push,M,F
mm,15,21,NA,play_grab/slap/push,M,F
mm,13,14,13,greet,M,F
mm,15,14,14,greet,M,F
mm,18,14,14,sit_bc,M,F
mm,12,16,12,greet,M,F
mm,12,16,12,sit_bc,M,F
mm,12,16,12,disp,M,F
mm,21,16,21,play_grab/slap/push,F,F
mm,21,16,21,play_wrestle,F,F
mm,21,16,21,play_grab/slap/push,F,F
mm,16,21,16,play_grab/slap/push,F,F
mm,16,21,16,play_pounce,F,F
mm,16,12,NA,sit_<1m,F,M
mm,18,15,NA,greet,M,M
mm,18,15,NA,sit_bc,M,M
mm,NA,16,NA,greet,NA,F
mm,NA,12,NA,greet,NA,M
mm,NA,22,NA,greet,NA,F
mm,NA,21,NA,greet,NA,F
mm,16,12,NA,greet,F,M
mm,16,22,NA,greet,F,F
mm,16,21,NA,greet,F,F
mm,12,22,NA,greet,M,F
mm,12,21,NA,greet,M,F
mm,22,21,NA,greet,F,F
mm,22,18,22,greet,F,M
mm,22,18,22,play_bite,F,M
mm,22,18,22,play_wrestle,F,M
mm,13,22,NA,sit_<1m,M,F
mm,15,13,13,play_grab/slap/push,M,M
mm,15,13,13,play_bite,M,M
mm,13,15,15,play_bite,M,M
mm,13,15,15,play_wrestle,M,M
mm,13,15,15,play_grab/slap/push,M,M
mm,13,21,21,greet,M,F
mm,13,NA,NA,play_bite,M,NA
mm,NA,13,NA,play_bite,NA,M
mm,NA,13,NA,play_grab/slap/push,NA,M
mm,13,NA,13,play_grab/slap/push,M,NA
mm,16,14,14,greet,F,F
mm,16,14,14,sit_<1m,F,F
mm,18,16,NA,sit_bc,M,F
mm,18,16,NA,play_bite,M,F
mm,16,18,NA,play_grab/slap/push,F,M
mm,18,16,18,play_grab/slap/push,M,F
mm,13,18,18,play_grab/slap/push,M,M
mm,13,15,13,play_grab/slap/push,M,M
mm,13,15,13,play_wrestle,M,M
mm,13,15,13,play_grab/slap/push,M,M
mm,16,15,NA,play_grab/slap/push,F,M
mm,16,12,NA,play_bite,F,M
mm,12,16,12,play_grab/slap/push,M,F
mm,12,16,NA,play_grab/slap/push,M,F
mm,12,15,NA,play_grab/slap/push,M,M
mm,16,15,NA,play_grab/slap/push,F,M
mm,NA,18,18,sit_bc,NA,M
mm,13,18,18,greet,M,M
mm,NA,18,NA,sit_bc,NA,M
mm,21,16,NA,sit_<1m,F,F
mm,21,15,NA,sit_<1m,F,M
mm,16,15,NA,sit_<1m,F,M
mm,14,13,NA,sit_bc,F,M
mm,14,21,21,sit_bc,F,F
mm,13,21,21,sit_bc,M,F
mm,13,21,13,sit_<1m,M,F
mm,23,13,23,sit_bc,F,M
mm,15,18,NA,sit_bc,M,M
mm,15,23,23,greet,M,F
mm,15,21,21,greet,M,F
mm,21,13,NA,greet,F,M
mm,21,18,NA,greet,F,M
mm,13,18,NA,greet,M,M
mm,13,18,NA,play_bite,M,M
mm,13,18,NA,play_wrestle,M,M
mm,NA,23,NA,play_grab/slap/push,NA,F
mm,13,16,13,play_grab/slap/push,M,F
mm,13,16,13,play_bite,M,F
mm,14,15,14,greet,F,M
mm,18,12,12,play_grab/slap/push,M,M
mm,18,12,12,play_mouthspar,M,M
mm,18,12,12,play_wrestle,M,M
mm,12,18,12,play_grab/slap/push,M,M
mm,12,18,12,play_grab/slap/push,M,M
mm,12,18,12,play_mouthspar,M,M
mm,12,18,12,play_wrestle,M,M
mm,18,15,15,play_grab/slap/push,M,M
mm,18,15,15,play_mouthspar,M,M
mm,18,15,15,play_grab/slap/push,M,M
mm,18,15,15,play_wrestle,M,M
mm,18,12,18,play_grab/slap/push,M,M
mm,18,12,18,play_bite,M,M
mm,18,12,18,play_mouthspar,M,M
mm,18,12,18,play_grab/slap/push,M,M
mm,18,12,18,play_mount,M,M
mm,18,12,12,play_grab/slap/push,M,M
mm,18,12,12,play_grab/slap/push,M,M
mm,18,12,12,play_wrestle,M,M
mm,18,12,12,play_grab/slap/push,M,M
mm,15,22,NA,sit_<1m,M,F
mm,15,18,NA,sit_<1m,M,M
mm,22,18,NA,sit_<1m,F,M
mm,16,21,NA,sit_bc,F,F
mm,13,15,13,play_grab/slap/push,M,M
mm,13,15,13,play_mouthspar,M,M
mm,13,15,13,play_grab/slap/push,M,M
mm,13,15,13,play_wrestle,M,M
mm,13,15,13,play_grab/slap/push,M,M
mm,13,15,13,play_wrestle,M,M
mm,13,15,13,play_grab/slap/push,M,M
mm,13,15,13,play_wrestle,M,M
mm,13,15,13,play_mouthspar,M,M
mm,13,15,13,play_wrestle,M,M
mm,15,13,15,play_pounce,M,M
mm,15,13,15,play_grab/slap/push,M,M
mm,15,13,15,play_mount,M,M
mm,15,13,15,play_mouthspar,M,M
mm,15,13,15,play_grab/slap/push,M,M
mm,15,13,15,play_wrestle,M,M
mm,15,13,15,play_grab/slap/push,M,M
mm,15,13,15,play_wrestle,M,M
mm,15,13,15,play_grab/slap/push,M,M
mm,15,13,15,play_wrestle,M,M
mm,12,15,12,play_grab/slap/push,M,M
mm,12,15,12,play_wrestle,M,M
mm,12,15,12,play_grab/slap/push,M,M
mm,15,12,15,play_grab/slap/push,M,M
mm,15,12,15,play_bite,M,M
mm,15,12,15,play_wrestle,M,M
mm,15,12,15,play_grab/slap/push,M,M
mm,15,12,15,play_grab/slap/push,M,M
mm,15,12,15,play_wrestle,M,M
mm,16,21,NA,sit_<1m,F,F
mm,21,15,NA,greet,F,M
mm,21,15,NA,sit_bc,F,M
mm,21,15,NA,allogroom,F,M
mm,15,21,NA,allogroom,M,F
mm,13,22,13,play_chase,M,F
mm,21,13,13,sit_<1m,F,M
mm,21,16,21,sit_bc,F,F
mm,16,13,NA,sit_<1m,F,M
mm,21,14,14,sit_bc,F,F
mm,21,14,14,allogroom,F,F
mm,21,17,21,allogroom,F,F
mm,17,14,17,sit_bc,F,F
mm,NA,NA,NA,play_wrestle,NA,NA
mm,NA,14,14,greet,NA,F
mm,14,NA,14,allogroom,F,NA
mm,16,17,16,allogroom,F,F
mm,16,17,16,sit_bc,F,F
mm,NA,14,14,greet,NA,F
mm,NA,14,14,allogroom,NA,F
mm,NA,14,14,greet,NA,F
mm,22,21,22,greet,F,F
mm,22,21,22,agr_chase,F,F
mm,22,21,22,greet,F,F
mm,22,21,22,allogroom,F,F
mm,22,21,22,sit_bc,F,F
mm,NA,22,22,greet,NA,F
mm,NA,22,22,allogroom,NA,F
mm,22,14,22,greet,F,F
mm,22,14,22,allogroom,F,F
mm,21,14,14,allogroom,F,F
mm,17,14,14,sit_bc,F,F
mm,17,14,17,sit_bc,F,F
mm,21,17,NA,sit_<1m,F,F
mm,NA,17,17,greet,NA,F
mm,21,17,17,sit_bc,F,F
mm,17,21,17,allogroom,F,F
mm,22,17,22,sit_bc,F,F
mm,22,21,21,sit_<1m,F,F
mm,22,17,22,allogroom,F,F
mm,21,17,21,allogroom,F,F
mm,NA,17,NA,sit_bc,NA,F
mm,NA,17,NA,allogroom,NA,F
mm,NA,14,NA,sit_bc,NA,F
mm,NA,14,NA,greet,NA,F
mm,NA,14,NA,allogroom,NA,F
mm,NA,14,NA,play_bite,NA,F
mm,NA,NA,NA,sit_bc,NA,NA
mm,17,NA,17,greet,F,NA
mm,17,NA,17,sit_<1m,F,NA
mm,NA,17,NA,allogroom,NA,F
mm,21,17,17,allogroom,F,F
mm,19,17,19,greet,F,F
mm,19,17,19,disp_proximity,F,F
mm,19,14,19,disp_proximity,F,F
mm,17,14,14,greet,F,F
mm,17,14,14,sit_bc,F,F
mm,17,14,14,allogroom,F,F
mm,17,14,17,sit_bc,F,F
mm,17,14,NA,sit_<1m,F,F
mm,17,NA,NA,sit_<1m,F,NA
mm,17,NA,NA,sit_bc,F,NA
mm,14,NA,14,greet,F,NA
mm,NA,21,NA,sit_bc,NA,F
mm,22,14,NA,sit_<1m,F,F
mm,22,14,NA,sit_bc,F,F
mm,21,16,NA,sit_<1m,F,F
mm,21,16,NA,sit_bc,F,F
mm,16,21,NA,allogroom,F,F
mm,16,21,16,disp_simple,F,F
mm,21,22,NA,greet,F,F
mm,21,22,NA,allogroom,F,F
mm,16,22,NA,sit_bc,F,F
mm,15,14,NA,greet,M,F
mm,14,16,NA,sit_<1m,F,F
mm,NA,NA,NA,sit_<1m,NA,NA
mm,21,17,NA,sit_<1m,F,F
mm,17,NA,NA,sit_bc,F,NA
mm,17,NA,NA,sit_<1m,F,NA
mm,14,NA,NA,sit_bc,F,NA
mm,17,14,NA,sit_<1m,F,F
mm,NA,14,14,sit_<1m,NA,F
mm,17,14,NA,sit_<1m,F,F
mm,NA,14,14,greet,NA,F
mm,17,NA,NA,sit_bc,F,NA
mm,14,17,NA,sit_<1m,F,F
mm,14,NA,NA,sit_<1m,F,NA
mm,14,NA,NA,sit_<1m,F,NA
mm,17,NA,NA,sit_<1m,F,NA
mm,17,NA,NA,sit_<1m,F,NA
mm,NA,NA,NA,sit_<1m,NA,NA
mm,17,NA,NA,sit_<1m,F,NA
mm,17,NA,NA,sit_<1m,F,NA
mm,17,NA,NA,sit_<1m,F,NA
mm,NA,NA,NA,fg_tog,NA,NA
mm,NA,17,NA,sit_<1m,NA,F
mm,NA,14,NA,sit_<1m,NA,F
mm,NA,NA,NA,sit_bc,NA,NA
mm,NA,14,NA,allogroom,NA,F
mm,17,14,14,sit_<1m,F,F
mm,NA,17,NA,sit_bc,NA,F
mm,17,NA,NA,sit_<1m,F,NA
mm,14,17,14,sit_<1m,F,F
mm,17,NA,NA,sit_<1m,F,NA
mm,NA,17,NA,sit_bc,NA,F
mm,NA,NA,NA,sit_bc,NA,NA
mm,12,21,NA,greet,M,F
mm,16,21,NA,play_bite,F,F
mm,16,21,NA,play_grab/slap/push,F,F
mm,16,21,NA,play_wrestle,F,F
mm,13,14,NA,greet,M,F
mm,13,16,NA,play_grab/slap/push,M,F
mm,15,16,NA,greet,M,F
mm,13,14,NA,greet,M,F
mm,13,15,NA,play_wrestle,M,M
mm,13,15,NA,play_bite,M,M
mm,13,15,NA,play_grab/slap/push,M,M
mm,13,15,NA,disp_simple,M,M
mm,13,16,NA,play_wrestle,M,F
mm,13,16,NA,play_wrestle,M,F
mm,22,15,NA,play_wrestle,F,M
mm,22,15,NA,play_mouthspar,F,M
mm,22,15,NA,play_mouthspar,F,M
mm,12,22,NA,play_pounce,M,F
mm,15,22,NA,disp_simple,M,F
mm,12,15,NA,play_mouthspar,M,M
mm,22,15,NA,play_wrestle,F,M
mm,15,22,NA,play_wrestle,M,F
mm,15,22,NA,disp_simple,M,F
mm,13,22,NA,play_grab/slap/push,M,F
mm,13,22,NA,play_mouthspar,M,F
mm,22,13,13,play_wrestle,F,M
mm,22,13,13,disp_simple,F,M
mm,13,22,NA,play_wrestle,M,F
mm,13,15,13,play_bite,M,M
mm,18,15,NA,play_wrestle,M,M
mm,18,22,NA,play_bite,M,F
mm,18,22,NA,disp_simple,M,F
mm,22,18,NA,play_wrestle,F,M
mm,13,22,NA,greet,M,F
mm,22,13,NA,play_pounce,F,M
mm,22,13,NA,play_mouthspar,F,M
mm,22,13,13,play_grab/slap/push,F,M
mm,13,12,13,play_pounce,M,M
mm,13,12,NA,play_wrestle,M,M
mm,12,15,12,play_wrestle,M,M
mm,15,13,15,play_pounce,M,M
mm,18,15,NA,play_bite,M,M
mm,15,18,NA,play_wrestle,M,M
mm,15,12,15,play_bite,M,M
mm,15,12,15,play_grab/slap/push,M,M
mm,12,15,12,play_grab/slap/push,M,M
mm,16,21,NA,allogroom,F,F
mm,22,18,NA,sit_<1m,F,M
mm,18,22,18,play_bite,M,F
mm,18,22,22,play_grab/slap/push,M,F
mm,22,18,NA,play_pounce,F,M
mm,22,18,NA,play_wrestle,F,M
mm,22,18,18,play_bite,F,M
mm,13,18,18,play_pounce,M,M
mm,13,18,18,play_bite,M,M
mm,13,18,NA,play_mouthspar,M,M
mm,14,16,NA,sit_bc,F,F
mm,14,16,14,disp_simple,F,F
mm,21,22,NA,sit_bc,F,F
mm,16,13,NA,play_pounce,F,M
mm,16,13,NA,play_bite,F,M
mm,16,13,NA,play_mouthspar,F,M
mm,13,16,13,play_grab/slap/push,M,F
mm,13,16,13,play_grab/slap/push,M,F
mm,14,21,NA,sit_bc,F,F
mm,18,21,NA,sit_<1m,M,F
mm,NA,20,NA,play_grab/slap/push,NA,F
mm,20,NA,NA,play_mouthspar,F,NA
mm,20,NA,NA,disp_simple,F,NA
mm,20,NA,NA,sit_bc,F,NA
mm,22,15,NA,sit_<1m,F,M
mm,15,22,NA,play_pounce,M,F
mm,15,22,22,play_wrestle,M,F
mm,22,15,NA,play_grab/slap/push,F,M
mm,18,14,NA,sit_bc,M,F
mm,16,13,NA,disp_simple,F,M
mm,16,22,NA,sit_bc,F,F
mm,NA,22,NA,sit_bc,NA,F
mm,14,17,NA,sit_<1m,F,F
mm,14,17,NA,sit_<1m,F,F
mm,15,12,NA,sit_bc,M,M
mm,13,15,NA,sit_<1m,M,M
mm,15,16,NA,sit_<1m,M,F
mm,21,16,NA,sit_<1m,F,F
mm,16,13,NA,sit_<1m,F,M
mm,21,13,21,disp_simple,F,M
mm,16,13,NA,play_mouthspar,F,M
mm,16,13,NA,play_grab/slap/push,F,M
mm,13,16,NA,play_bite,M,F
mm,16,13,13,play_bite,F,M
mm,13,16,13,play_grab/slap/push,M,F
mm,13,16,NA,play_pounce,M,F
mm,13,16,NA,play_mouthspar,M,F
mm,13,16,13,play_bite,M,F
mm,16,13,NA,play_wrestle,F,M
mm,15,13,15,play_pounce,M,M
mm,16,15,NA,disp_simple,F,M
mm,16,15,NA,play_mouthspar,F,M
mm,16,15,16,play_mouthspar,F,M
mm,15,16,NA,play_mouthspar,M,F
mm,16,15,15,play_pounce,F,M
mm,16,15,NA,sit_<1m,F,M
mm,15,16,NA,play_wrestle,M,F
mm,15,16,NA,play_bite,M,F
mm,16,15,NA,play_bite,F,M
mm,15,16,15,play_mouthspar,M,F
mm,14,16,14,disp_simple,F,F
mm,21,15,NA,sit_<1m,F,M
mm,15,14,NA,sit_bc,M,F
mm,15,16,15,play_mouthspar,M,F
mm,21,15,NA,play_bite,F,M
mm,15,16,15,play_chase,M,F
mm,21,16,NA,sit_bc,F,F
mm,21,15,NA,sit_<1m,F,M
mm,16,12,NA,sit_Bc,F,M
mm,16,22,NA,sit_bc,F,F
mm,17,14,NA,greet,F,F
mm,14,16,NA,play_grab/slap/push,F,F
mm,16,17,NA,allogroom,F,F
mm,21,16,NA,play_grab/slap/push,F,F
mm,17,16,NA,allogroom,F,F
mm,16,17,NA,disp_proximity,F,F
mm,21,14,NA,sit_<1m,F,F
mm,21,17,NA,sit_<1m,F,F
mm,21,14,NA,sit_<1m,F,F
mm,21,16,NA,sit_bc,F,F
mm,21,16,NA,allogroom,F,F
mm,12,21,NA,sit_bc,M,F
mm,12,16,NA,allogroom,M,F
mm,14,16,14,disp_simple,F,F
mm,16,21,NA,sit_<1m,F,F
mm,16,21,NA,play_bite,F,F
mm,16,21,16,disp_simple,F,F
mm,21,16,NA,sit_<1m,F,F
mm,17,14,NA,sit_<1m,F,F
mm,17,14,NA,sit_<1m,F,F
npk,38,39,NA,greet,F,F
npk,39,38,39,disp_proximity,F,F
npk,38,39,39,play_pounce,F,F
npk,38,39,39,play_wrestle,F,F
npk,39,38,39,play_bite,F,F
npk,38,39,39,play_mouthspar,F,F
npk,39,38,39,play_wrestle,F,F
npk,39,38,39,play_bite,F,F
npk,39,38,39,play_chase,F,F
npk,39,38,39,play_chase,F,F
npk,38,39,NA,play_pounce,F,F
npk,38,39,NA,play_wrestle,F,F
npk,38,39,NA,play_wrestle,F,F
npk,39,38,39,play_grab/slap/push,F,F
npk,39,38,39,play_bite,F,F
npk,39,38,39,play_grab/slap/push,F,F
npk,39,38,NA,play_grab/slap/push,F,F
npk,39,38,NA,mount,F,F
npk,39,38,NA,play_wrestle,F,F
npk,39,38,39,play_chase,F,F
npk,39,38,39,play_grab/slap/push,F,F
npk,39,38,39,play_pounce,F,F
npk,39,38,39,play_chase,F,F
npk,39,38,39,play_bite,F,F
npk,39,38,39,play_pounce,F,F
npk,39,38,39,play_grab/slap/push,F,F
npk,39,38,39,play_wrestle,F,F
npk,38,39,38,play_pounce,F,F
npk,38,39,38,play_wrestle,F,F
npk,39,38,39,disp_proximity,F,F
npk,39,38,39,play_bite,F,F
npk,39,38,NA,play_pounce,F,F
npk,39,38,NA,play_wrestle,F,F
npk,39,38,NA,play_bite,F,F
npk,39,38,NA,play_wrestle,F,F
npk,39,38,NA,play_bite,F,F
npk,38,39,NA,play_pounce,F,F
npk,38,39,NA,play_wrestle,F,F
npk,38,39,NA,play_chase,F,F
npk,39,38,NA,play_wrestle,F,F
npk,39,38,39,play_pounce,F,F
npk,NA,NA,NA,play_bite,NA,NA
npk,NA,NA,NA,play_wrestle,NA,NA
npk,39,40,40,sit_<1m,F,F
npk,41,NA,41,sit_bc,M,NA
npk,41,NA,NA,greet,M,NA
npk,41,NA,41,sit_bc,M,NA
npk,NA,NA,NA,sit_bc,NA,NA
npk,40,39,NA,sit_<1m,F,F
npk,39,NA,NA,allogroom,F,NA
npk,NA,40,NA,greet,NA,F
npk,39,40,39,sit_<1m,F,F
npk,40,NA,40,sit_<1m,F,NA
npk,NA,41,41,sit_<1m,NA,M
npk,NA,41,41,sit_bc,NA,M
npk,NA,41,41,sit_<1m,NA,M
npk,41,NA,41,sit_<1m,M,NA
npk,NA,NA,NA,greet,NA,NA
npk,NA,NA,NA,sit_<1m,NA,NA
npk,39,40,40,sit_<1m,F,F
npk,NA,40,NA,allogroom,NA,F
npk,39,40,40,sit_bc,F,F
npk,40,39,40,allogroom,F,F
npk,40,NA,40,agr_chase,F,NA
npk,NA,39,NA,greet,NA,F
npk,40,NA,40,agr_chase,F,NA
npk,38,39,38,sit_<1m,F,F
npk,38,39,38,sit_<1m,F,F
npk,38,39,38,cheek_rub,F,F
npk,38,39,38,play_grab/slap/push,F,F
npk,39,38,NA,sit_<1m,F,F
npk,38,39,NA,play_grab/slap/push,F,F
npk,NA,38,NA,disp_proximity,NA,F
npk,NA,38,38,allogroom,NA,F
npk,NA,38,NA,greet,NA,F
npk,38,39,39,greet,F,F
npk,38,39,39,play_mount,F,F
npk,38,39,39,play_wrestle,F,F
npk,39,38,39,disp_proximity,F,F
npk,38,39,39,play_mouthspar,F,F
npk,40,41,41,sit_<1m,F,M
npk,40,41,41,sit_bc,F,M
npk,41,40,41,sit_bc,M,F
npk,39,41,NA,sit_bc,F,M
npk,40,41,NA,greet,F,M
npk,40,39,40,greet,F,F
npk,41,39,NA,sit_<1m,M,F
npk,41,39,41,greet,M,F
npk,40,NA,NA,sit_bc,F,NA
pc,NA,62,NA,greet,NA,F
pc,62,NA,NA,allogroom,F,NA
pc,62,NA,NA,allogroom,F,NA
pc,62,NA,NA,sit_bc,F,NA
pc,62,NA,NA,sit_<1m,F,NA
pc,62,NA,NA,allogroom,F,NA
pc,62,NA,NA,sit_<1m,F,NA
pc,24,25,25,sit_<1m,F,M
pc,25,24,25,disp_proximity,M,F
pc,26,27,NA,play_wrestle,F,M
pc,27,26,NA,play_wrestle,M,F
pc,26,27,NA,play_wrestle,F,M
pc,25,NA,NA,play_wrestle,M,NA
pc,28,25,NA,greet,F,M
pc,28,29,29,play_grab/slap/push,F,M
pc,29,28,29,play_grab/slap/push,M,F
pc,29,30,NA,greet,M,M
pc,25,NA,NA,sit_<1m,M,NA
pc,30,29,NA,play_wrestle,M,M
pc,25,31,NA,sit_<1m,M,F
pc,25,31,NA,allogroom,M,F
pc,25,28,28,greet,M,F
pc,25,28,28,play_grab/slap/push,M,F
pc,25,28,28,play_grab/slap/push,M,F
pc,28,25,28,allogroom,F,M
pc,28,25,28,allogroom,F,M
pc,28,30,30,play_wrestle,F,M
pc,29,30,29,play_mouthspar,M,M
pc,29,30,29,play_wrestle,M,M
pc,29,30,29,play_chase,M,M
pc,29,30,29,play_mouthspar,M,M
pc,29,30,29,play_wrestle,M,M
pc,30,29,29,play_grab/slap/push,M,M
pc,30,29,30,play_wrestle,M,M
pc,29,30,30,play_wrestle,M,M
pc,30,29,NA,sit_bc,M,M
pc,30,29,NA,play_mount,M,M
pc,30,29,NA,play_mouthspar,M,M
pc,29,30,30,play_mouthspar,M,M
pc,29,30,30,play_wrestle,M,M
pc,25,31,25,agr_chase,M,F
pc,29,24,NA,greet,M,F
pc,29,24,NA,allogroom,M,F
pc,29,NA,NA,greet,M,NA
pc,25,NA,NA,sit_<1m,M,NA
pc,29,28,29,sit_bc,M,F
pc,28,30,NA,greet,F,M
pc,30,28,NA,play_bite,M,F
pc,30,28,NA,play_mouthspar,M,F
pc,30,28,NA,play_mouthspar,M,F
pc,30,28,NA,play_bite,M,F
pc,28,30,NA,play_mouthspar,F,M
pc,28,30,NA,play_grab/slap/push,F,M
pc,28,30,NA,play_mouthspar,F,M
pc,28,30,NA,play_wrestle,F,M
pc,28,30,NA,play_box,F,M
pc,29,30,30,greet,M,M
pc,29,28,NA,play_bite,M,F
pc,30,29,30,play_bite,M,M
pc,30,28,NA,play_bite,M,F
pc,29,28,NA,play_mouthspar,M,F
pc,29,30,30,play_grab/slap/push,M,M
pc,30,29,30,play_bite,M,M
pc,30,29,30,play_grab/slap/push,M,M
pc,30,29,30,play_bite,M,M
pc,29,30,30,play_bite,M,M
pc,30,29,30,play_bite,M,M
pc,30,29,30,play_bite,M,M
pc,30,29,30,play_bite,M,M
pc,30,29,30,play_bite,M,M
pc,28,29,NA,play_bite,F,M
pc,30,29,30,play_bite,M,M
pc,30,29,30,play_box,M,M
pc,30,29,30,play_wrestle,M,M
pc,29,28,29,play_bite,M,F
pc,29,28,29,greet,M,F
pc,29,28,29,greet,M,F
pc,29,28,29,disp_simple,M,F
pc,28,25,28,greet,F,M
pc,25,28,28,greet,M,F
pc,28,25,28,sit_<1m,F,M
pc,28,25,28,disp_proximity,F,M
pc,24,25,24,agr_chase,F,M
pc,24,26,24,agr_chase,F,F
pc,34,25,NA,agr_bite,F,M
pc,34,25,NA,agr_bite,F,M
pc,29,30,NA,sit_bc,M,M
pc,29,30,NA,sit_<1m,M,M
pc,30,29,29,allogroom,M,M
pc,29,30,29,play_mouthspar,M,M
pc,30,29,29,greet,M,M
pc,30,29,29,play_mouthspar,M,M
pc,30,29,30,sit_<1m,M,M
pc,30,29,30,sit_bc,M,M
pc,30,29,30,play_mouthspar,M,M
pc,30,29,30,allogroom,M,M
pc,30,29,30,sit_bc,M,M
pc,30,29,30,greet,M,M
pc,30,29,30,sit_<1m,M,M
pc,29,30,30,greet,M,M
pc,30,29,30,allogroom,M,M
pc,29,30,30,sit_bc,M,M
pc,29,30,30,sit_<1m,M,M
pc,28,NA,28,sit_<1m,F,NA
pc,25,28,28,allogroom,M,F
pc,28,25,NA,greet,F,M
pc,28,25,NA,greet,F,M
pc,25,31,31,greet,M,F
pc,32,33,NA,play_wrestle,M,M
pc,32,33,NA,play_wrestle,M,M
pc,30,29,30,play_pounce,M,M
pc,30,29,30,play_bite,M,M
pc,30,NA,NA,sit_bc,M,NA
pc,28,25,28,greet,F,M
pc,28,25,28,disp_proximity,F,M
pc,30,34,34,sit_<1m,M,F
pc,34,30,34,agr_chase,F,M
pc,27,32,27,play_wrestle,M,M
pc,27,32,27,play_box,M,M
pc,27,32,NA,play_wrestle,M,M
pc,32,27,NA,play_wrestle,M,M
pc,27,33,27,greet,M,M
pc,27,33,27,play_bite,M,M
pc,27,33,27,play_bite,M,M
pc,27,33,27,play_bite,M,M
pc,33,27,27,play_bite,M,M
pc,27,33,27,play_mouthspar,M,M
pc,27,33,27,play_mouthspar,M,M
pc,27,33,27,play_mouthspar,M,M
pc,27,33,27,play_wrestle,M,M
pc,27,33,27,play_chase,M,M
pc,25,30,25,sit_bc,M,M
pc,30,NA,30,play_mount,M,NA
pc,30,NA,30,play_mount,M,NA
pc,30,29,30,play_bite,M,M
pc,32,27,NA,play_wrestle,M,M
pc,32,27,NA,play_pounce,M,M
pc,32,27,NA,play_pounce,M,M
pc,32,27,NA,play_wrestle,M,M
pc,28,25,25,sit_bc,F,M
pc,28,NA,NA,sit_<1m,F,NA
pc,NA,NA,NA,play_mount,NA,NA
pc,25,30,NA,allogroom,M,M
pc,25,30,NA,sit_bc,M,M
pc,29,30,NA,play_mouthspar,M,M
pc,29,30,29,play_mouthspar,M,M
pc,29,30,29,play_grab/slap/push,M,M
pc,29,30,NA,play_chase,M,M
pc,30,29,30,play_mouthspar,M,M
pc,29,30,29,play_bite,M,M
pc,29,30,30,play_mouthspar,M,M
pc,30,29,30,play_bite,M,M
pc,30,29,30,play_bite,M,M
pc,29,30,30,play_mouthspar,M,M
pc,30,29,30,play_bite,M,M
pc,30,29,30,allogroom,M,M
pc,29,30,29,play_mouthspar,M,M
pc,30,29,29,play_mouthspar,M,M
pc,30,29,29,play_bite,M,M
pc,29,30,29,play_mouthspar,M,M
pc,30,29,29,play_bite,M,M
pc,29,30,29,play_mouthspar,M,M
pc,30,29,29,play_bite,M,M
pc,29,30,29,play_mouthspar,M,M
pc,29,30,29,play_wrestle,M,M
pc,24,NA,24,agr_chase,F,NA
pc,32,27,32,play_wrestle,M,M
pc,27,32,32,play_mount,M,M
pc,32,27,NA,play_box,M,M
pc,27,32,27,play_wrestle,M,M
pc,25,28,NA,greet,M,F
pc,28,25,NA,allogroom,F,M
pc,28,25,NA,sit_bc,F,M
pc,30,28,30,sit_bc,M,F
pc,30,34,30,sit_bc,M,F
pc,34,28,28,sit_bc,F,F
pc,30,28,30,allogroom,M,F
pc,31,25,31,greet,F,M
pc,31,25,31,allogroom,F,M
pc,31,25,31,sit_bc,F,M
pc,31,25,31,sit_<1m,F,M
pc,31,25,31,greet,F,M
pc,24,30,NA,sit_bc,F,M
pc,30,24,NA,allogroom,M,F
pc,30,24,24,allogroom,M,F
pc,30,24,24,allogroom,M,F
pc,30,24,24,allogroom,M,F
pc,34,24,24,sit_<1m,F,F
pc,34,24,24,allogroom,F,F
pc,28,25,25,sit_bc,F,M
pc,NA,24,NA,greet,NA,F
pc,NA,NA,NA,sit_bc,NA,NA
pc,NA,NA,NA,sit_<1m,NA,NA
pc,24,34,NA,allogroom,F,F
pc,24,34,NA,sit_bc,F,F
pc,24,34,NA,sit_bc,F,F
pc,NA,34,NA,allogroom,NA,F
pc,24,34,NA,sit_bc,F,F
pc,24,34,34,sit_bc,F,F
pc,24,NA,NA,sit_bc,F,NA
pc,34,NA,34,sit_bc,F,NA
pc,34,NA,34,greet,F,NA
pc,34,NA,34,allogroom,F,NA
pc,25,34,25,greet,M,F
pc,25,NA,25,greet,M,NA
pc,25,34,25,allogroom,M,F
pc,25,34,25,sit_bc,M,F
pc,25,34,25,allogroom,M,F
pc,25,34,25,allogroom,M,F
pc,25,34,25,allogroom,M,F
pc,25,28,25,greet,M,F
pc,25,28,25,sit_bc,M,F
pc,25,29,25,greet,M,M
pc,25,28,25,greet,M,F
pc,NA,31,31,sit_bc,NA,F
pc,31,NA,NA,greet,F,NA
pc,31,NA,NA,allogroom,F,NA
pc,24,NA,NA,sit_bc,F,NA
pc,24,NA,NA,sit_bc,F,NA
pc,NA,25,NA,greet,NA,M
pc,25,NA,NA,allogroom,M,NA
pc,NA,NA,NA,sit_bc,NA,NA
pc,NA,25,NA,sit_bc,NA,M
pc,NA,25,NA,allogroom,NA,M
pc,NA,25,25,sit_<1m,NA,M
pc,25,34,34,sit_<1m,M,F
pc,28,29,29,sit_bc,F,M
pc,28,25,25,greet,F,M
pc,28,25,25,sit_<1m,F,M
pc,28,25,25,sit_bc,F,M
pc,28,25,25,allogroom,F,M
pc,25,28,25,sit_bc,M,F
pc,28,25,25,allogroom,F,M
pc,28,NA,NA,sit_<1m,F,NA
pc,28,25,28,sit_<1m,F,M
pc,34,25,25,greet,F,M
pc,34,25,25,allogroom,F,M
pc,34,25,25,sit_bc,F,M
pc,25,34,25,greet,M,F
pc,25,34,25,allogroom,M,F
pc,25,34,25,allogroom,M,F
pc,34,25,25,allogroom,F,M
pc,NA,28,NA,greet,NA,F
pc,NA,28,NA,sit_bc,NA,F
pc,NA,NA,NA,greet,NA,NA
pc,NA,NA,NA,sit_bc,NA,NA
pc,NA,NA,NA,sit_bc,NA,NA
pc,NA,NA,NA,sit_bc,NA,NA
pc,NA,NA,NA,sit_<1m,NA,NA
pc,NA,NA,NA,sit_<1m,NA,NA
pc,NA,24,24,greet,NA,F
pc,24,34,NA,sit_bc,F,F
pc,34,24,NA,allogroom,F,F
pc,24,34,NA,sit_bc,F,F
pc,NA,34,NA,sit_bc,NA,F
pc,NA,24,NA,sit_bc,NA,F
pc,NA,34,NA,sit_bc,NA,F
pc,NA,34,NA,allogroom,NA,F
pc,24,NA,24,sit_bc,F,NA
pc,NA,24,24,greet,NA,F
pc,NA,24,24,allogroom,NA,F
pc,28,25,28,sit_<1m,F,M
pc,25,NA,NA,sit_<1m,M,NA
pc,NA,24,24,sit_<1m,NA,F
pc,25,NA,NA,agr_chase,M,NA
pc,24,30,NA,sit_<1m,F,M
pc,24,30,NA,greet,F,M
pc,24,30,NA,sit_bc,F,M
pc,NA,NA,NA,allogroom,NA,NA
pc,NA,NA,NA,sit_bc,NA,NA
pc,NA,NA,NA,sit_bc,NA,NA
pc,NA,NA,NA,sit_bc,NA,NA
pc,25,24,25,disp_simple,M,F
pc,25,30,25,play_grab/slap/push,M,M
pc,30,25,25,play_bite,M,M
pc,25,NA,25,agr_chase,M,NA
pc,35,27,35,disp_simple,F,M
pc,27,35,27,greet,M,F
pc,27,35,27,disp_simple,M,F
pc,27,35,35,greet,M,F
pc,27,35,27,sit_bc,M,F
pc,29,30,NA,play_wrestle,M,M
pc,29,30,NA,play_wrestle,M,M
pc,30,25,30,play_wrestle,M,M
pc,29,25,NA,greet,M,M
pc,29,25,29,sit_bc,M,M
pc,24,25,NA,agr_chase,F,M
pc,25,27,25,sit_bc,M,M
pc,27,25,25,allogroom,M,M
pc,NA,25,NA,sit_bc,NA,M
pc,NA,25,NA,greet,NA,M
pc,28,31,NA,sit_bc,F,F
pc,31,28,28,greet,F,F
pc,31,28,28,allogroom,F,F
pc,31,28,28,greet,F,F
pc,31,28,28,allogroom,F,F
pc,31,28,NA,sit_bc,F,F
pc,25,31,25,sit_<1m,M,F
pc,25,31,25,sit_<1m,M,F
pc,25,34,25,disp_proximity,M,F
pc,24,29,NA,greet,F,M
pc,30,29,29,play_wrestle,M,M
pc,30,29,29,play_pounce,M,M
pc,29,30,29,play_bite,M,M
pc,29,30,29,play_wrestle,M,M
pc,29,30,29,play_mount,M,M
pc,30,29,29,play_wrestle,M,M
pc,30,29,29,play_bite,M,M
pc,30,29,29,play_grab/slap/push,M,M
pc,29,30,29,play_wrestle,M,M
pc,29,30,29,play_bite,M,M
pc,29,30,29,play_wrestle,M,M
pc,29,30,NA,play_wrestle,M,M
pc,37,NA,37,allogroom,F,NA
pc,29,30,NA,play_wrestle,M,M
pc,29,30,NA,play_mouthspar,M,M
pc,29,30,NA,play_wrestle,M,M
pc,29,30,NA,play_grab/slap/push,M,M
pc,29,30,NA,play_grab/slap/push,M,M
pc,37,NA,NA,sit_bc,F,NA
pc,25,32,NA,agr,M,M
pc,37,NA,NA,greet,F,NA
pc,29,30,NA,allogroom,M,M
pc,37,NA,37,sit_<1m,F,NA
pc,26,35,NA,sit_<1m,F,F
pc,29,28,29,greet,M,F
pc,29,28,29,play_mount,M,F
pc,29,28,NA,sit_bc,M,F
pc,25,29,25,greet,M,M
pc,25,28,25,greet,M,F
pc,25,29,25,play_mouthspar,M,M
pc,25,28,25,play_mouthspar,M,F
pc,25,29,25,play_bite,M,M
pc,25,28,25,play_bite,M,F
pc,29,28,29,play_pounce,M,F
pc,29,28,29,play_box,M,F
pc,29,28,29,play_pounce,M,F
pc,29,28,29,play_box,M,F
pc,29,25,NA,sit_bc,M,M
pc,30,28,NA,sit_<1m,M,F
pc,29,28,NA,sit_<1m,M,F
pc,30,29,NA,sit_<1m,M,M
pc,30,28,NA,sit_<1m,M,F
pc,29,28,NA,sit_<1m,M,F
pc,30,29,30,play_mouthspar,M,M
pc,30,29,30,play_mouthspar,M,M
pc,30,29,30,play_chase,M,M
pc,30,29,30,play_bite,M,M
pc,29,30,30,play_mouthspar,M,M
pc,30,28,30,play_mouthspar,M,F
pc,30,28,30,play_mouthspar,M,F
pc,30,28,30,play_chase,M,F
pc,29,28,NA,play_mouthspar,M,F
pc,28,29,28,sit_<1m,F,M
pc,28,29,28,sit_<1m,F,M
pc,28,29,28,allogroom,F,M
pc,29,28,28,greet,M,F
pc,28,29,28,sit_bc,F,M
pc,28,29,NA,sit_bc,F,M
pc,36,28,NA,sit_bc,M,F
pc,36,25,25,sit_bc,M,M
pc,28,25,25,sit_bc,F,M
pc,NA,36,NA,sit_<1m,NA,M
pc,NA,25,25,sit_<1m,NA,M
pc,NA,28,NA,sit_<1m,NA,F
pc,29,28,NA,sit_bc,M,F
pc,29,28,NA,greet,M,F
pc,29,28,NA,sit_bc,M,F
pc,25,29,NA,greet,M,M
pc,29,25,NA,sit_bc,M,M
pc,NA,29,NA,greet,NA,M
pc,NA,29,NA,disp_simple,NA,M
pc,NA,25,NA,disp_simple,NA,M
pc,29,NA,29,sit_bc,M,NA
pc,28,NA,NA,greet,F,NA
pc,NA,25,NA,greet,NA,M
pc,NA,25,NA,disp_simple,NA,M
pc,29,NA,NA,sit_<1m,M,NA
pc,28,25,NA,fg_tog,F,M
pc,NA,25,NA,disp_proximity,NA,M
pc,25,NA,NA,sit_bc,M,NA
pc,28,25,NA,sit_<1m,F,M
pc,25,NA,NA,sit_bc,M,NA
pc,25,NA,25,sit_bc,M,NA
pc,28,NA,28,greet,F,NA
pc,28,NA,28,play_bite,F,NA
pc,28,NA,28,sit_bc,F,NA
pc,NA,28,NA,sit_bc,NA,F
pc,28,NA,NA,sit_<1m,F,NA
pc,28,NA,NA,allogroom,F,NA
pc,NA,NA,NA,allogroom,NA,NA
pc,28,NA,NA,sit_bc,F,NA
pc,NA,NA,NA,allogroom,NA,NA
pc,NA,NA,NA,sit_bc,NA,NA
pc,NA,NA,NA,sit_<1m,NA,NA
pc,NA,NA,NA,sit_bc,NA,NA
pc,31,NA,31,agr_wrestle,F,NA
pc,31,NA,NA,agr_chase,F,NA
pc,25,29,NA,greet,M,M
pc,29,25,NA,play_chase,M,M
pc,29,25,NA,play_wrestle,M,M
pc,29,25,NA,allogroom,M,M
pc,NA,25,NA,allogroom,NA,M
pc,25,30,NA,sit_<1m,M,M
pc,NA,31,NA,sit_bc,NA,F
pc,NA,31,NA,sit_bc,NA,F
pc,NA,31,NA,sit_<1m,NA,F
pc,NA,24,NA,sit_bc,NA,F
pc,24,NA,NA,sit_<1m,F,NA
pc,NA,NA,NA,allogroom,NA,NA
pc,NA,NA,NA,allogroom,NA,NA
pc,24,NA,NA,sit_bc,F,NA
pc,24,NA,NA,sit_bc,F,NA
pc,NA,NA,NA,sit_bc,NA,NA
pc,25,28,NA,sit_<1m,M,F
pc,25,28,28,greet,M,F
pc,25,34,25,greet,M,F
pc,34,25,25,play_mouthspar,F,M
pc,25,34,NA,sit_<1m,M,F
pc,25,28,NA,sit_<1m,M,F
pc,34,28,NA,sit_<1m,F,F
pc,25,34,NA,sit_bc,M,F
pc,25,28,NA,sit_bc,M,F
pc,34,28,NA,sit_bc,F,F
pc,25,34,NA,play_grab/slap/push,M,F
pc,25,34,NA,sit_<1m,M,F
pc,25,28,NA,sit_<1m,M,F
pc,34,28,NA,sit_<1m,F,F
pc,28,34,NA,allogroom,F,F
pc,28,34,NA,sit_bc,F,F
pc,28,34,34,sit_<1m,F,F
pc,28,34,34,allogroom,F,F
pc,28,34,28,sit_bc,F,F
pc,28,34,NA,sit_<1m,F,F
pc,28,34,34,allogroom,F,F
pc,28,34,NA,sit_bc,F,F
pc,25,28,28,play_bite,M,F
pc,28,25,28,play_grab/slap/push,F,M
pc,28,25,25,greet,F,M
pc,25,28,NA,play_mouthspar,M,F
pc,28,25,25,sit_<1m,F,M
pc,25,28,28,play_grab/slap/push,M,F
pc,28,25,28,play_mouthspar,F,M
pc,29,28,NA,sit_bc,M,F
pc,28,29,NA,allogroom,F,M
pc,29,25,NA,sit_bc,M,M
pc,29,25,NA,allogroom,M,M
pc,28,25,28,sit_bc,F,M
pc,25,29,25,disp,M,M
pc,25,28,28,greet,M,F
pc,29,28,29,greet,M,F
pc,29,28,NA,allogroom,M,F
pc,29,28,NA,play_mount,M,F
pc,33,63,33,greet,M,M
pc,NA,25,NA,greet,NA,M
pc,25,NA,NA,play_grab/slap/push,M,NA
pc,25,NA,NA,play_mouthspar,M,NA
pc,NA,25,NA,play_grab/slap/push,NA,M
pc,29,NA,29,sit_<1m,M,NA
pc,NA,29,29,sit_<1m,NA,M
pc,25,29,NA,disp_proximity,M,M
pc,25,29,NA,play_grab/slap/push,M,M
pc,29,25,NA,play_bite,M,M
pc,NA,NA,NA,sit_<1m,NA,NA
pc,NA,NA,NA,greet,NA,NA
pc,NA,NA,NA,sit_bc,NA,NA
pc,NA,NA,NA,sit_bc,NA,NA
pc,NA,NA,NA,sit_bc,NA,NA
pc,25,NA,NA,sit_<1m,M,NA
pc,25,NA,NA,sit_<1m,M,NA
pc,NA,NA,NA,sit_<1m,NA,NA
pc,25,NA,NA,sit_<1m,M,NA
pc,25,NA,NA,disp,M,NA
pc,25,NA,NA,play_bite,M,NA
pc,25,NA,NA,disp,M,NA
pc,25,NA,NA,sit_<1m,M,NA
pc,25,NA,NA,sit_<1m,M,NA
pc,NA,NA,NA,sit_<1m,NA,NA
pc,25,NA,NA,disp,M,NA
pc,25,29,29,sit_bc,M,M
pc,NA,NA,NA,sit_<1m,NA,NA
pc,25,NA,NA,play_grab/slap/push,M,NA
pc,NA,25,NA,play_bite,NA,M
pc,NA,29,NA,greet,NA,M
pc,29,NA,NA,allogroom,M,NA
pc,25,NA,NA,sit_<1m,M,NA
pc,25,NA,NA,sit_bc,M,NA
pc,25,NA,NA,sniff_ag,M,NA
pc,25,NA,NA,play_grab/slap/push,M,NA
pc,NA,25,NA,play_bite,NA,M
pc,25,NA,NA,play_mouthspar,M,NA
pc,NA,25,NA,play_grab/slap/push,NA,M
pc,25,29,NA,greet,M,M
pc,25,29,NA,sit_bc,M,M
pc,25,NA,NA,greet,M,NA
pc,25,NA,NA,play_grab/slap/push,M,NA
pc,NA,25,NA,disp,NA,M
pc,25,NA,NA,sit_<1m,M,NA
pc,25,NA,NA,greet,M,NA
pc,NA,25,NA,play_grab/slap/push,NA,M
pc,25,NA,NA,sit_bc,M,NA
pc,25,NA,NA,sit_<1m,M,NA
pc,NA,29,NA,greet,NA,M
pc,NA,29,NA,sit_<1m,NA,M
pc,29,NA,NA,allogroom,M,NA
pc,29,NA,29,sit_bc,M,NA
pc,25,NA,NA,disp,M,NA
pc,NA,25,NA,sit_<1m,NA,M
pc,29,NA,NA,allogroom,M,NA
pc,NA,25,NA,sit_<1m,NA,M
pc,25,NA,NA,sit_<1m,M,NA
pc,25,NA,NA,sit_<1m,M,NA
pc,NA,NA,NA,sit_<1m,NA,NA
pc,25,NA,25,play_grab/slap/push,M,NA
pc,25,NA,NA,sit_bc,M,NA
pc,NA,25,NA,greet,NA,M
pc,NA,25,NA,sit_<1m,NA,M
pc,25,NA,NA,greet,M,NA
pc,NA,25,NA,allogroom,NA,M
pc,25,NA,25,greet,M,NA
pc,NA,25,NA,sit_<1m,NA,M
pc,NA,NA,NA,sit_<1m,NA,NA
pc,NA,NA,NA,sit_<1m,NA,NA
pc,NA,25,25,sit_<1m,NA,M
pc,NA,25,25,sit_<1m,NA,M
pc,25,NA,NA,sit_<1m,M,NA
pc,25,NA,NA,play_bite,M,NA
pc,25,NA,NA,sniff_ag,M,NA
pc,25,NA,NA,play_bite,M,NA
pc,NA,25,NA,play_grab/slap/push,NA,M
pc,25,NA,NA,play_mouthspar,M,NA
pc,25,NA,NA,sniff_ag,M,NA
pc,25,NA,NA,sniff_ag,M,NA
pc,29,NA,NA,sit_bc,M,NA
pc,NA,29,NA,play_mouthspar,NA,M
pc,NA,29,NA,play_grab/slap/push,NA,M
pc,NA,29,NA,0,NA,M
pc,NA,NA,NA,sit_bc,NA,NA
pc,NA,NA,NA,sit_bc,NA,NA
pc,NA,NA,NA,sit_bc,NA,NA
pc,NA,NA,NA,sit_bc,NA,NA
pc,37,NA,NA,greet,F,NA
pc,NA,37,NA,allogroom,NA,F
pc,NA,37,NA,sex_mount,NA,F
pc,25,37,NA,disp,M,F
pc,30,37,NA,greet,M,F
pc,37,30,NA,allogroom,F,M
pc,25,28,NA,sit_<1m,M,F
pc,30,37,NA,greet,M,F
pc,30,37,NA,play_grab/slap/push,M,F
pc,37,30,NA,play_grab/slap/push,F,M
pc,37,30,NA,play_bite,F,M
pc,37,30,NA,sit_<1m,F,M
pc,30,NA,NA,greet,M,NA
pc,30,NA,NA,play_bite,M,NA
pc,NA,30,NA,play_grab/slap/push,NA,M
pc,NA,30,NA,play_bite,NA,M
pc,NA,30,NA,play_wrestle,NA,M
pc,30,NA,NA,play_grab/slap/push,M,NA
pc,24,NA,NA,greet,F,NA
pc,24,NA,NA,play_mount,F,NA
pc,37,24,37,sit_bc,F,F
pc,30,25,30,greet,M,M
pc,29,30,NA,sit_<1m,M,M
pc,25,30,30,greet,M,M
pc,30,25,30,greet,M,M
pc,25,30,25,play_grab/slap/push,M,M
pc,25,30,25,sniff_ag,M,M
pc,29,30,NA,play_grab/slap/push,M,M
pc,29,30,NA,play_mouthspar,M,M
pc,29,30,NA,play_bite,M,M
pc,29,30,NA,play_grab/slap/push,M,M
pc,29,30,NA,play_mouthspar,M,M
pc,NA,27,NA,play_bite,NA,M
pc,27,NA,NA,play_bite,M,NA
pc,27,35,NA,greet,M,F
pc,35,27,NA,allogroom,F,M
pc,27,35,NA,allogroom,M,F
pc,25,24,NA,greet,M,F
pc,25,24,NA,disp,M,F
pc,25,NA,NA,play_chase,M,NA
pc,29,30,NA,play_grab/slap/push,M,M
pc,29,30,NA,play_mouthspar,M,M
pc,29,30,NA,play_wrestle,M,M
pc,29,30,29,play_grab/slap/push,M,M
pc,29,30,29,play_mouthspar,M,M
pc,29,30,29,play_wrestle,M,M
pc,30,29,30,play_grab/slap/push,M,M
pc,30,29,30,play_grab/slap/push,M,M
pc,30,29,30,play_mouthspar,M,M
pc,30,29,30,play_grab/slap/push,M,M
pc,29,30,29,play_grab/slap/push,M,M
pc,29,30,29,play_mouthspar,M,M
pc,29,30,29,play_grab/slap/push,M,M
pc,29,30,29,play_grab/slap/push,M,M
pc,29,30,29,play_mouthspar,M,M
pc,29,30,29,play_grab/slap/push,M,M
pc,29,30,29,play_grab/slap/push,M,M
pc,29,30,29,play_mouthspar,M,M
pc,29,30,29,play_grab/slap/push,M,M
pc,29,30,29,play_wrestle,M,M
pc,29,30,29,play_grab/slap/push,M,M
pc,30,28,28,play_grab/slap/push,M,F
pc,30,28,28,play_mouthspar,M,F
pc,30,28,28,play_grab/slap/push,M,F
pc,30,28,NA,play_grab/slap/push,M,F
pc,29,28,28,greet,M,F
pc,28,29,28,play_pounce,F,M
pc,28,29,28,play_wrestle,F,M
pc,28,29,28,play_grab/slap/push,F,M
pc,62,NA,62,sit_bc,F,NA
pc,31,29,31,disp_proximity,F,M
pc,28,31,31,greet,F,F
pc,29,31,31,sit_bc,M,F
pc,29,28,28,allogroom,M,F
pc,29,28,28,play_bite,M,F
pc,29,28,28,play_mouthspar,M,F
pc,29,28,29,sit_<1m,M,F
pc,29,28,29,sit_bc,M,F
pc,34,29,34,greet,F,M
pc,NA,NA,NA,sit_bc,NA,NA
pc,NA,NA,NA,allogroom,NA,NA
pc,NA,NA,NA,sit_bc,NA,NA
pc,NA,NA,NA,sit_bc,NA,NA
pc,NA,NA,NA,sit_bc,NA,NA
pc,NA,NA,NA,sit_bc,NA,NA
pc,NA,NA,NA,sit_bc,NA,NA
pc,NA,NA,NA,sit_bc,NA,NA
pc,NA,NA,NA,allogroom,NA,NA
pc,NA,NA,NA,sit_bc,NA,NA
pc,NA,NA,NA,sit_<1m,NA,NA
pc,NA,NA,NA,sit_<1m,NA,NA
pc,27,32,NA,play_wrestle,M,M
pc,27,32,NA,disp_proximity,M,M
pc,27,33,33,play_grab/slap/push,M,M
pc,32,33,32,sit_<1m,M,M
pc,27,33,NA,play_bite,M,M
pc,28,26,NA,sit_<1m,F,F
pc,28,24,NA,sit_bc,F,F
pc,28,NA,NA,sit_bc,F,NA
pc,28,NA,NA,sit_bc,F,NA
pc,24,NA,NA,sit_bc,F,NA
pc,NA,NA,NA,sit_bc,NA,NA
pc,24,25,NA,sit_bc,F,M
pc,24,25,24,disp_simple,F,M
pc,NA,NA,NA,play_pounce,NA,NA
pc,29,NA,NA,play_mouthspar,M,NA
pc,29,NA,NA,play_wrestle,M,NA
pc,NA,29,NA,play_pounce,NA,M
pc,NA,29,NA,play_mouthspar,NA,M
pc,24,28,NA,play_grab/slap/push,F,F
pc,28,24,NA,play_mouthspar,F,F
pc,30,29,NA,play_wrestle,M,M
pc,29,30,NA,play_wrestle,M,M
pc,25,24,NA,sit_<1m,M,F
pc,28,24,NA,play_bite,F,F
pc,32,35,NA,disp_simple,M,F
pc,34,24,NA,play_wrestle,F,F
pc,34,24,NA,play_grab/slap/push,F,F
pc,34,24,24,play_bite,F,F
pc,34,24,24,play_wrestle,F,F
pc,24,34,NA,play_grab/slap/push,F,F
pc,34,24,NA,play_chase,F,F
pc,34,24,NA,play_grab/slap/push,F,F
pc,24,29,NA,sit_<1m,F,M
pc,24,29,NA,greet,F,M
pc,25,24,NA,sit_<1m,M,F
pc,29,25,NA,sit_bc,M,M
pc,24,25,NA,sit_bc,F,M
pc,27,32,NA,sit_bc,M,M
pc,28,26,NA,play_wrestle,F,F
pc,28,26,26,play_pounce,F,F
pc,26,28,NA,play_mouthspar,F,F
pc,26,28,NA,play_wrestle,F,F
pc,26,28,26,play_wrestle,F,F
pc,28,26,NA,play_chase,F,F
pc,26,28,NA,play_wrestle,F,F
pc,26,28,26,play_chase,F,F
pc,25,28,25,greet,M,F
pc,28,25,25,greet,F,M
pc,25,28,NA,disp_simple,M,F
pc,28,25,NA,greet,F,M
pc,28,25,NA,sit_bc,F,M
pc,28,34,NA,sit_<1m,F,F
pc,28,34,NA,sit_bc,F,F
pc,28,34,NA,disp_simple,F,F
pc,34,28,NA,sit_<1m,F,F
pc,28,34,NA,disp_simple,F,F
pc,28,34,NA,disp_proximity,F,F
pc,28,25,NA,sit_<1m,F,M
pc,28,25,NA,sit_<1m,F,M
pc,NA,25,NA,sit_<1m,NA,M
pc,NA,25,NA,sit_<1m,NA,M
pc,NA,25,NA,sit_<1m,NA,M
pc,NA,25,NA,sit_<1m,NA,M
ra,42,43,42,play_wrestle,F,F
ra,42,43,NA,sit_bc,F,F
ra,42,43,NA,sit_<1m,F,F
ra,42,43,NA,sit_<1m,F,F
ra,42,43,NA,sit_bc,F,F
ra,42,43,NA,sit_bc,F,F
ra,43,42,NA,sit_<1m,F,F
ra,43,42,NA,greet,F,F
ra,43,42,NA,allogroom,F,F
ra,43,42,NA,greet,F,F
ra,43,42,NA,allogroom,F,F
ra,43,42,NA,sit_bc,F,F
ra,43,42,NA,sit_bc,F,F
ra,43,42,NA,allogroom,F,F
ra,43,42,42,sit_bc,F,F
ra,43,42,42,greet,F,F
ra,43,42,42,sit_<1m,F,F
ra,43,42,NA,sit_<1m,F,F
ra,43,42,NA,sit_<1m,F,F
ra,43,42,NA,sit_bc,F,F
ra,43,42,NA,sit_<1m,F,F
ra,NA,43,43,greet,NA,F
ra,43,NA,43,allogroom,F,NA
ra,43,NA,43,greet,F,NA
ra,43,NA,43,sit_bc,F,NA
ra,43,NA,NA,sit_bc,F,NA
ra,43,NA,43,sit_bc,F,NA
ra,43,NA,43,allogroom,F,NA
ra,43,42,42,sit_<1m,F,F
ra,43,NA,NA,sit_<1m,F,NA
ra,NA,NA,NA,sit_bc,NA,NA
ra,NA,NA,NA,sit_bc,NA,NA
ra,43,42,NA,sit_<1m,F,F
ra,43,42,NA,disp_proximity,F,F
ra,42,43,43,sit_<1m,F,F
ra,42,43,42,sit_<1m,F,F
ra,43,42,43,sit_<1m,F,F
ra,43,42,43,sit_<1m,F,F
ra,43,42,NA,allogroom,F,F
ra,43,42,43,sit_<1m,F,F
ra,43,42,NA,sit_bc,F,F
ra,43,42,NA,sit_<1m,F,F
ra,42,43,43,greet,F,F
ra,42,43,43,sit_<1m,F,F
ra,43,42,43,allogroom,F,F
ra,42,43,42,sit_<1m,F,F
ra,43,42,42,sit_bc,F,F
ra,43,42,43,sit_<1m,F,F
ra,43,42,42,sit_<1m,F,F
ra,43,42,42,sit_<1m,F,F
ra,43,42,43,sit_<1m,F,F
ra,42,43,43,sit_<1m,F,F
ra,42,43,NA,sit_<1m,F,F
ra,43,42,42,sit_<1m,F,F
ra,43,42,43,sit_<1m,F,F
ra,43,42,43,sit_<1m,F,F
ra,43,42,43,sit_bc,F,F
ra,43,42,43,fg_tog,F,F
ra,43,42,42,sit_<1m,F,F
ra,43,42,43,sit_<1m,F,F
ra,42,43,43,sit_<1m,F,F
ra,43,42,42,sit_<1m,F,F
ra,43,42,NA,sit_<1m,F,F
ra,43,42,42,sit_<1m,F,F
ra,43,42,42,sit_<1m,F,F
ra,43,42,42,sit_<1m,F,F
ra,43,42,42,sit_<1m,F,F
ra,43,42,42,sit_bc,F,F
ra,42,43,43,sit_<1m,F,F
ra,NA,42,NA,sit_bc,NA,F
ra,43,42,NA,sit_<1m,F,F
ra,43,42,42,sit_<1m,F,F
ra,42,43,42,sit_<1m,F,F
ra,43,42,NA,sit_<1m,F,F
ra,NA,43,43,sit_<1m,NA,F
ra,NA,43,43,sit_bc,NA,F
ra,NA,43,43,allogroom,NA,F
ra,43,42,42,sit_bc,F,F
ra,43,42,42,sit_<1m,F,F
ra,43,42,42,sit_<1m,F,F
ra,43,42,42,sit_bc,F,F
ra,43,42,43,sit_bc,F,F
ra,42,43,43,sit_<1m,F,F
ra,42,43,NA,sit_<1m,F,F
ra,NA,43,43,sit_<1m,NA,F
ra,NA,43,NA,sit_bc,NA,F
ra,NA,NA,NA,sit_<1m,NA,NA
ra,NA,NA,NA,sit_<1m,NA,NA
ra,NA,NA,NA,sit_<1m,NA,NA
ra,43,42,43,sit_<1m,F,F
ra,NA,43,43,sit_<1m,NA,F
ra,42,43,42,sit_<1m,F,F
ra,42,43,43,greet,F,F
ra,42,43,43,sit_<1m,F,F
ra,NA,NA,NA,sit_bc,NA,NA
ra,42,NA,NA,sit_<1m,F,NA
ra,42,NA,NA,sit_<1m,F,NA
ra,NA,NA,NA,sit_<1m,NA,NA
ra,NA,42,42,greet,NA,F
ra,NA,42,NA,sit_<1m,NA,F
ra,NA,43,43,sit_<1m,NA,F
ra,42,43,NA,sit_<1m,F,F
ra,42,43,NA,allogroom,F,F
ra,43,42,NA,sit_bc,F,F
ra,42,43,NA,sit_bc,F,F
ra,43,42,NA,sit_bc,F,F
ra,42,43,NA,sit_bc,F,F
ra,42,43,NA,sit_bc,F,F
ra,42,43,NA,sit_<1m,F,F
ra,43,42,NA,sit_<1m,F,F
ra,42,43,NA,sit_<1m,F,F
ra,42,43,NA,sit_<1m,F,F
ra,43,42,NA,sit_<1m,F,F
ra,43,42,NA,sit_<1m,F,F
ra,43,42,43,sit_<1m,F,F
ra,42,43,NA,greet,F,F
ra,42,43,NA,sit_<1m,F,F
ra,42,43,42,allogroom,F,F
ra,42,43,42,sit_<1m,F,F
ra,42,43,43,greet,F,F
ra,43,42,NA,sit_<1m,F,F
ra,42,43,43,sit_bc,F,F
ra,42,43,43,greet,F,F
ra,42,43,42,sit_<1m,F,F
ra,43,42,NA,sit_bc,F,F
ra,42,43,NA,sit_<1m,F,F
ra,42,43,NA,sit_bc,F,F
ra,43,42,NA,allogroom,F,F
ra,43,42,NA,sit_bc,F,F
ra,43,42,NA,greet,F,F
ra,43,42,NA,sit_<1m,F,F
ra,43,42,NA,sit_<1m,F,F
ra,43,42,NA,sit_<1m,F,F
ra,42,43,NA,sit_<1m,F,F
ra,43,42,NA,sit_<1m,F,F
ra,43,42,42,greet,F,F
ra,43,42,NA,sit_<1m,F,F
ra,42,43,NA,sit_<1m,F,F
ra,NA,43,NA,greet,NA,F
ra,NA,43,NA,allogroom,NA,F
ra,42,43,NA,sit_<1m,F,F
ra,42,43,NA,sit_bc,F,F
ra,NA,43,NA,sit_<1m,NA,F
ra,42,43,NA,sit_<1m,F,F
ra,42,43,NA,sit_<1m,F,F
ra,42,43,NA,sit_<1m,F,F
ra,43,42,42,sit_bc,F,F
ra,43,42,NA,sit_<1m,F,F
ra,42,43,42,greet,F,F
ra,42,43,42,sit_<1m,F,F
ra,43,42,42,greet,F,F
ra,43,42,42,play_box,F,F
ra,43,42,NA,sit_bc,F,F
ra,42,43,NA,disp_proximity,F,F
ra,42,43,NA,sit_<1m,F,F
ra,43,42,NA,sit_<1m,F,F
ra,43,42,NA,sit_bc,F,F
ra,43,42,NA,greet,F,F
ra,43,42,NA,sit_bc,F,F
ra,43,42,NA,sit_<1m,F,F
ra,43,42,NA,sit_<1m,F,F
ra,43,42,NA,sit_bc,F,F
ra,43,42,42,sit_<1m,F,F
ra,42,43,NA,sit_bc,F,F
ra,42,43,NA,sit_<1m,F,F
ra,43,42,NA,sit_bc,F,F
ra,42,NA,NA,sit_bc,F,NA
ra,NA,NA,NA,sit_bc,NA,NA
ra,NA,43,NA,sit_bc,NA,F
ra,NA,43,NA,greet,NA,F
ra,43,42,NA,sit_bc,F,F
ra,43,42,NA,sit_<1m,F,F
ra,NA,43,NA,sit_bc,NA,F
ra,42,43,NA,sit_<1m,F,F
ra,43,42,42,sit_<1m,F,F
ra,43,42,NA,sit_<1m,F,F
ra,43,42,43,greet,F,F
ra,43,42,43,sit_<1m,F,F
ra,43,42,43,greet,F,F
ra,43,42,43,sit_bc,F,F
ra,43,42,43,sit_bc,F,F
ra,43,42,NA,sit_<1m,F,F
ra,43,42,43,greet,F,F
ra,42,43,43,sit_bc,F,F
ra,43,42,43,sit_<1m,F,F
ra,43,42,NA,sit_<1m,F,F
ra,43,42,NA,sit_<1m,F,F
ra,42,43,NA,sit_bc,F,F
ra,43,42,NA,sit_bc,F,F
ra,43,42,NA,sit_bc,F,F
ra,42,NA,NA,allogroom,F,NA
ra,43,42,NA,sit_<1m,F,F
ra,43,42,NA,sit_<1m,F,F
ra,43,42,NA,sit_<1m,F,F
ra,42,43,42,sit_bc,F,F
ra,43,42,NA,sit_bc,F,F
ra,42,43,42,greet,F,F
ra,42,43,NA,greet,F,F
ra,42,43,NA,sit_bc,F,F
ra,42,43,42,greet,F,F
ra,42,43,43,sit_<1m,F,F
ra,42,43,NA,sit_<1m,F,F
ra,42,43,NA,allogroom,F,F
ra,43,42,NA,play_wrestle,F,F
ra,43,42,NA,play_mouthspar,F,F
ra,42,43,NA,greet,F,F
ra,43,42,NA,disp_simple,F,F
ra,43,42,NA,sit_<1m,F,F
ra,43,42,NA,greet,F,F
ra,43,42,NA,disp_simple,F,F
ra,43,42,NA,play_mouthspar,F,F
ra,43,42,NA,sit_<1m,F,F
ra,43,42,NA,allogroom,F,F
ra,43,42,NA,greet,F,F
ra,43,NA,NA,play_wrestle,F,NA
ra,43,42,NA,disp_simple,F,F
ra,43,NA,NA,allogroom,F,NA
ra,NA,42,NA,greet,NA,F
ra,NA,43,NA,sit_<1m,NA,F
ra,43,42,NA,play_wrestle,F,F
ra,NA,42,NA,disp_simple,NA,F
ra,NA,43,NA,greet,NA,F
ra,42,43,NA,allogroom,F,F
ra,43,NA,NA,greet,F,NA
ra,43,42,NA,play_mouthspar,F,F
ra,43,42,NA,play_pounce,F,F
ra,43,NA,NA,allogroom,F,NA
ra,NA,42,NA,sit_<1m,NA,F
ra,43,42,NA,play_wrestle,F,F
ra,NA,43,NA,sit_<1m,NA,F
ra,NA,43,NA,greet,NA,F
ra,NA,43,NA,disp_simple,NA,F
ra,43,42,NA,sit_bc,F,F
ra,43,42,NA,allogroom,F,F
ra,NA,43,NA,greet,NA,F
ra,NA,43,NA,sit_bc,NA,F
ra,NA,43,NA,play_mouthspar,NA,F
ra,NA,43,NA,play_wrestle,NA,F
ra,NA,43,NA,play_wrestle,NA,F
ra,43,42,NA,sit_bc,F,F
ra,43,42,NA,sit_bc,F,F
ra,42,NA,NA,sit_<1m,F,NA
ra,42,NA,NA,sit_<1m,F,NA
ra,42,43,NA,sit_<1m,F,F
ra,43,NA,NA,sit_bc,F,NA
ra,NA,42,NA,sit_<1m,NA,F
ra,43,42,NA,sit_<1m,F,F
ra,42,43,NA,sit_<1m,F,F
ra,42,43,NA,sit_<1m,F,F
ra,43,42,NA,sit_<1m,F,F
ra,42,43,NA,sit_<1m,F,F
ra,42,43,NA,sit_<1m,F,F
tw,1,2,NA,play_wrestle,F,M
tw,1,NA,NA,greet,F,NA
tw,1,NA,NA,disp,F,NA
tw,2,NA,NA,disp,M,NA
tw,2,1,NA,play_wrestle,M,F
tw,2,1,NA,disp,M,F
tw,3,1,1,play_wrestle,F,F
tw,3,1,NA,play_mouthspar,F,F
tw,2,4,NA,greet,M,M
tw,2,4,NA,greet,M,M
tw,2,4,NA,disp,M,M
tw,2,4,NA,sit_<1m,M,M
tw,2,1,NA,sit_<1m,M,F
tw,1,4,NA,sit_<1m,F,M
tw,1,4,NA,sit_<1m,F,M
tw,4,1,NA,greet,M,F
tw,4,1,NA,disp,M,F
tw,2,1,NA,greet,M,F
tw,2,1,NA,mount,M,F
tw,2,1,NA,disp,M,F
tw,2,1,1,play_wrestle,M,F
tw,4,3,NA,sit_<1m,M,F
tw,4,3,NA,sit_<1m,M,F
tw,4,3,NA,greet,M,F
tw,4,3,NA,mount,M,F
tw,4,3,NA,sit_bc,M,F
tw,4,3,NA,greet,M,F
tw,4,3,NA,disp,M,F
tw,3,1,NA,mount,F,F
tw,3,1,NA,play_bite,F,F
tw,3,1,NA,play_mouthspar,F,F
tw,1,4,NA,sit_<1m,F,M
tw,2,3,NA,greet,M,F
tw,4,1,NA,greet,M,F
tw,4,1,NA,play_bite,M,F
tw,4,1,NA,disp,M,F
tw,4,1,NA,play_wrestle,M,F
tw,4,1,NA,greet,M,F
tw,1,4,NA,play_wrestle,F,M
tw,4,3,NA,greet,M,F
tw,4,3,3,play_bite,M,F
tw,2,4,2,play_wrestle,M,M
tw,2,3,2,play_wrestle,M,F
tw,4,3,NA,play_wrestle,M,F
tw,3,2,NA,sit_bc,F,M
tw,4,3,NA,greet,M,F
tw,4,NA,NA,greet,M,NA
tw,4,1,NA,greet,M,F
tw,4,1,1,play_wrestle,M,F
tw,4,1,NA,greet,M,F
tw,2,1,NA,play_wrestle,M,F
tw,4,1,NA,play_wrestle,M,F
tw,2,4,NA,play_wrestle,M,M
tw,3,NA,NA,play_mouthspar,F,NA
tw,2,1,NA,disp,M,F
tw,2,1,NA,greet,M,F
tw,2,1,NA,disp,M,F
tw,2,1,NA,greet,M,F
tw,2,1,NA,disp,M,F
tw,1,2,1,play_bite,F,M
tw,2,1,NA,greet,M,F
tw,2,1,NA,disp,M,F
tw,4,2,NA,sit_bc,M,M
tw,3,2,NA,sit_<1m,F,M
tw,3,4,NA,sit_<1m,F,M
tw,2,4,NA,sit_<1m,M,M
tw,4,3,NA,disp_simple,M,F
tw,5,6,6,greet,F,F
tw,NA,NA,NA,greet,NA,NA
tw,5,6,NA,greet,F,F
tw,11,NA,NA,sit_bc,F,NA
tw,NA,NA,NA,sit_bc,NA,NA
tw,NA,NA,NA,greet,NA,NA
tw,NA,NA,NA,sit_bc,NA,NA
tw,NA,NA,NA,allogroom,NA,NA
tw,NA,NA,NA,greet,NA,NA
tw,7,8,7,greet,M,F
tw,7,8,7,play_grab/slap/push,M,F
tw,7,8,7,play_bite,M,F
tw,1,2,1,greet,F,M
tw,2,1,2,play_grab/slap/push,M,F
tw,2,1,2,play_bite,M,F
tw,2,1,2,sit_<1m,M,F
tw,2,1,NA,fg_tog,M,F
tw,2,1,2,greet,M,F
tw,2,1,2,disp_simple,M,F
tw,2,1,2,play_grab/slap/push,M,F
tw,2,1,2,play_bite,M,F
tw,2,1,2,play_grab/slap/push,M,F
tw,2,1,NA,sit_<1m,M,F
tw,2,NA,NA,sit_<1m,M,NA
tw,2,NA,NA,sit_<1m,M,NA
tw,1,NA,NA,sit_<1m,F,NA
tw,1,NA,NA,sit_<1m,F,NA
tw,NA,NA,NA,sit_<1m,NA,NA
tw,2,4,NA,play_grab/slap/push,M,M
tw,1,3,3,sniff_ag,F,F
tw,1,3,3,greet,F,F
tw,1,3,3,sit_<1m,F,F
tw,1,3,3,sit_bc,F,F
tw,1,3,3,allogroom,F,F
tw,1,3,1,play_wrestle,F,F
tw,1,3,1,play_grab/slap/push,F,F
tw,1,3,1,play_mouthspar,F,F
tw,1,3,1,play_wrestle,F,F
tw,1,3,3,play_grab/slap/push,F,F
tw,NA,8,8,greet,NA,F
tw,NA,8,8,sit_<1m,NA,F
tw,5,6,NA,greet,F,F
tw,NA,NA,NA,play_chase,NA,NA
tw,2,4,4,play_wrestle,M,M
tw,2,4,4,play_grab/slap/push,M,M
tw,2,4,4,play_box,M,M
tw,2,4,4,play_grab/slap/push,M,M
tw,2,4,4,play_grab/slap/push,M,M
tw,4,2,4,play_grab/slap/push,M,M
tw,4,2,4,play_grab/slap/push,M,M
tw,4,2,4,play_wrestle,M,M
tw,4,2,4,play_box,M,M
tw,3,7,NA,sniff_ag,F,M
tw,4,7,7,greet,M,M
tw,7,4,7,disp_simple,M,M
tw,3,4,4,sit_bc,F,M
tw,1,NA,1,disp_simple,F,NA
tw,NA,1,1,greet,NA,F
tw,1,4,1,greet,F,M
tw,7,1,1,sit_<1m,M,F
tw,7,1,1,greet,M,F
tw,1,7,1,greet,F,M
tw,6,5,6,greet,F,F
tw,NA,NA,NA,sit_<1m,NA,NA
tw,NA,8,NA,greet,NA,F
tw,NA,NA,NA,fg_tog,NA,NA
tw,NA,5,5,sit_bc,NA,F
tw,NA,NA,NA,disp_simple,NA,NA
tw,NA,5,NA,sit_bc,NA,F
tw,NA,11,11,sit_bc,NA,F
tw,NA,11,11,sit_bc,NA,F
tw,NA,11,NA,greet,NA,F
tw,11,NA,NA,allogroom,F,NA
tw,NA,NA,NA,sit_bc,NA,NA
tw,NA,6,6,fg_tog,NA,F
tw,2,NA,NA,greet,M,NA
tw,2,NA,NA,agr_snap/snarl/hiss,M,NA
tw,6,5,NA,greet,F,F
tw,NA,2,2,sit_bc,NA,M
tw,NA,5,5,sit_bc,NA,F
tw,2,6,6,greet,M,F
tw,2,5,5,sit_bc,M,F
tw,2,NA,NA,agr_snap/snarl/hiss,M,NA
tw,6,NA,NA,sit_bc,F,NA
tw,NA,5,5,sit_bc,NA,F
tw,2,6,2,allogroom,M,F
tw,2,6,2,sit_<1m,M,F
tw,NA,NA,NA,sit_bc,NA,NA
tw,NA,NA,NA,sit_bc,NA,NA
tw,6,5,5,greet,F,F
tw,6,5,5,sit_bc,F,F
tw,6,5,5,fg_tog,F,F
tw,6,5,5,greet,F,F
tw,9,11,9,agr_chase,F,F
tw,NA,11,NA,sit_bc,NA,F
tw,7,9,7,sit_bc,M,F
tw,NA,NA,NA,sit_bc,NA,NA
tw,NA,NA,NA,sit_<1m,NA,NA
tw,NA,NA,NA,play_grab/slap/push,NA,NA
tw,NA,11,11,sit_bc,NA,F
tw,NA,11,11,sit_bc,NA,F
tw,NA,11,NA,sit_bc,NA,F
tw,11,NA,NA,sit_bc,F,NA
tw,NA,NA,NA,sit_<1m,NA,NA
tw,NA,NA,NA,allogroom,NA,NA
tw,NA,NA,NA,greet,NA,NA
tw,NA,NA,NA,sit_<1m,NA,NA
tw,NA,NA,NA,greet,NA,NA
tw,NA,NA,NA,fg_tog,NA,NA
tw,6,NA,NA,sit_bc,F,NA
tw,6,NA,NA,allogroom,F,NA
tw,6,NA,6,sit_<1m,F,NA
tw,6,NA,6,allogroom,F,NA
tw,NA,NA,NA,sit_bc,NA,NA
tw,10,8,NA,sit_<1m,F,F
tw,10,8,NA,sit_<1m,F,F
tw,3,NA,NA,sit_bc,F,NA
tw,3,NA,NA,agr_box,F,NA
tw,3,NA,NA,agr_mouthspar,F,NA
tw,1,3,NA,play_pounce,F,F
tw,1,3,NA,play_grab/slap/push,F,F
tw,3,1,NA,agr_box,F,F
tw,3,1,NA,agr_mouthspar,F,F
tw,3,1,NA,agr_bite,F,F
tw,1,3,3,agr_box,F,F
tw,7,6,NA,sit_bc,M,F
tw,6,7,NA,allogroom,F,M
tw,6,7,NA,play_chase,F,M
tw,6,7,NA,greet,F,M
tw,6,7,NA,allogroom,F,M
tw,6,7,NA,play_chase,F,M
tw,6,7,6,play_mount,F,M
tw,6,7,6,allogroom,F,M
tw,6,7,6,play_pounce,F,M
tw,6,7,6,allogroom,F,M
tw,6,7,7,sniff_ag,F,M
tw,2,4,NA,play_box,M,M
tw,3,1,NA,greet,F,F
tw,3,1,NA,play_box,F,F
tw,3,1,NA,play_mouthspar,F,F
tw,1,4,1,play_mouthspar,F,M
tw,1,4,NA,play_box,F,M
tw,1,4,4,play_box,F,M
tw,1,4,NA,play_mouthspar,F,M
tw,NA,NA,NA,play_box,NA,NA
tw,3,1,NA,play_box,F,F
tw,NA,NA,NA,play_box,NA,NA
tw,4,1,NA,play_bite,M,F
tw,2,1,NA,agr_bite,M,F
tw,4,1,1,greet,M,F
tw,2,1,2,allogroom,M,F
tw,10,8,10,sit_<1m,F,F
tw,10,8,10,greet,F,F
tw,10,8,10,play_bite,F,F
tw,10,8,10,play_wrestle,F,F
tw,2,3,2,play_bite,M,F
tw,3,1,3,sit_<1m,F,F
tw,2,3,2,play_bite,M,F
tw,2,1,2,play_box,M,F
tw,2,1,2,play_bite,M,F
tw,2,1,2,play_grab/slap/push,M,F
tw,2,3,NA,sit_<1m,M,F
tw,2,3,2,play_mouthspar,M,F
tw,2,4,NA,play_box,M,M
tw,4,2,NA,sit_bc,M,M
tw,2,4,2,play_bite,M,M
tw,2,1,2,greet,M,F
tw,3,2,NA,greet,F,M
tw,3,2,NA,play_mouthspar,F,M
tw,7,8,7,disp_simple,M,F
tw,4,2,NA,greet,M,M
tw,2,4,NA,play_bite,M,M
tw,2,3,NA,sit_bc,M,F
tw,2,3,NA,play_bite,M,F
tw,2,4,NA,sit_bc,M,M
tw,4,3,NA,sit_<1m,M,F
tw,3,2,NA,sit_<1m,F,M
tw,3,2,2,sit_bc,F,M
tw,1,3,NA,sit_bc,F,F
tw,1,3,1,play_box,F,F
tw,3,1,NA,play_box,F,F
tw,1,4,1,greet,F,M
tw,2,1,1,greet,M,F
tw,1,2,1,sit_<1m,F,M
tw,4,1,1,sit_bc,M,F
tw,NA,NA,NA,play_wrestle,NA,NA
tw,NA,NA,NA,play_pounce,NA,NA
tw,NA,NA,NA,play_box,NA,NA
tw,NA,NA,NA,play_mouthspar,NA,NA
tw,NA,NA,NA,sit_<1m,NA,NA
tw,NA,NA,NA,play_mouthspar,NA,NA
tw,NA,NA,NA,play_box,NA,NA
tw,8,NA,NA,play_grab/slap/push,F,NA
tw,8,NA,NA,play_mouthspar,F,NA
tw,8,NA,NA,play_wrestle,F,NA
tw,8,NA,8,play_mount,F,NA
tw,8,NA,NA,play_pounce,F,NA
tw,NA,8,8,play_wrestle,NA,F
tw,NA,8,NA,play_box,NA,F
tw,8,NA,NA,play_mouthspar,F,NA
tw,NA,NA,NA,play_wrestle,NA,NA
tw,NA,NA,NA,play_box,NA,NA
tw,NA,NA,NA,play_pounce,NA,NA
tw,NA,NA,NA,play_pounce,NA,NA
tw,NA,NA,NA,play_pounce,NA,NA
tw,NA,NA,NA,play_bite,NA,NA
tw,6,5,NA,sit_<1m,F,F
tw,6,5,NA,greet,F,F
tw,6,5,NA,allogroom,F,F
tw,6,5,6,disp_simple,F,F
tw,9,7,NA,greet,F,M
tw,9,7,NA,allogroom,F,M
tw,9,7,NA,sit_<1m,F,M
tw,6,5,5,sit_<1m,F,F
tw,8,10,10,sit_bc,F,F
tw,10,8,10,play_box,F,F
tw,10,8,10,mount,F,F
tw,8,10,NA,greet,F,F
tw,8,10,NA,sit_<1m,F,F
tw,8,7,NA,greet,F,M
tw,10,7,NA,greet,F,M
tw,10,7,NA,sit_<1m,F,M
tw,10,8,NA,sit_<1m,F,F
tw,NA,NA,NA,greet,NA,NA
tw,7,10,NA,sit_<1m,M,F
tw,4,1,NA,sit_bc,M,F
tw,3,1,NA,sit_<1m,F,F
tw,3,1,NA,play_grab/slap/push,F,F
tw,3,2,2,greet,F,M
tw,2,3,2,disp_simple,M,F
tw,2,3,NA,play_box,M,F
tw,2,3,NA,sit_<1m,M,F
tw,2,3,NA,greet,M,F
tw,2,3,NA,sit_<1m,M,F
tw,3,2,NA,play_grab/slap/push,F,M
tw,2,3,NA,sit_bc,M,F
tw,2,1,NA,sit_<1m,M,F
tw,3,1,NA,sit_<1m,F,F
tw,2,1,NA,greet,M,F
tw,3,4,NA,play_pounce,F,M
tw,3,4,NA,play_wrestle,F,M
tw,3,4,NA,play_grab/slap/push,F,M
tw,1,4,NA,disp_simple,F,M
tw,2,NA,NA,play_mount,M,NA
tw,2,NA,NA,play_wrestle,M,NA
tw,4,2,4,play_grab/slap/push,M,M
tw,4,3,4,sit_<1m,M,F
tw,4,2,4,sit_<1m,M,M
tw,3,2,2,sit_<1m,F,M
tw,2,3,2,greet,M,F
tw,2,3,2,disp_proximity,M,F
tw,2,NA,NA,greet,M,NA
tw,4,3,4,sit_<1m,M,F
tw,7,3,7,play_mount,M,F
tw,2,3,NA,sit_<1m,M,F
tw,NA,NA,NA,play_box,NA,NA
tw,NA,NA,NA,play_grab/slap/push,NA,NA
tw,10,8,NA,sit_<1m,F,F
tw,10,8,NA,greet,F,F
tw,10,8,NA,allogroom,F,F
tw,10,8,NA,play_grab/slap/push,F,F
tw,10,8,NA,play_mount,F,F
tw,10,8,NA,follow,F,F
tw,8,10,NA,play_box,F,F
tw,8,10,NA,greet,F,F
tw,8,10,NA,sit_bc,F,F
tw,10,7,10,disp_proximity,F,M
tw,7,10,NA,sit_<1m,M,F
tw,4,1,4,greet,M,F
tw,4,1,4,play_bite,M,F
tw,4,1,4,play_pounce,M,F
tw,1,4,4,greet,F,M
tw,2,3,NA,play_wrestle,M,F
tw,4,3,NA,sit_<1m,M,F
tw,4,3,NA,greet,M,F
tw,NA,NA,NA,play_wrestle,NA,NA
tw,9,8,NA,fg_tog,F,F
tw,8,9,NA,sit_<1m,F,F
tw,9,8,NA,sit_bc,F,F
tw,9,7,NA,sit_bc,F,M
tw,8,7,NA,sit_bc,F,M
tw,9,8,8,sit_<1m,F,F
tw,9,7,NA,sit_<1m,F,M
tw,8,7,8,sit_<1m,F,M
tw,8,9,NA,sit_bc,F,F
tw,7,8,NA,fg_tog,M,F
tw,1,2,2,sit_bc,F,M
tw,NA,NA,NA,play_wrestle,NA,NA
tw,NA,NA,NA,play_wrestle,NA,NA
tw,4,3,4,allogroom,M,F
tw,NA,NA,NA,play_wrestle,NA,NA
tw,NA,NA,NA,play_wrestle,NA,NA
tw,4,3,NA,sit_<1m,M,F
tw,NA,NA,NA,sit_bc,NA,NA
tw,NA,NA,NA,play_wrestle,NA,NA
tw,3,1,1,play_chase,F,F
tw,3,1,1,play_wrestle,F,F
tw,4,1,4,play_bite,M,F
tw,4,1,4,play_wrestle,M,F
tw,4,1,4,play_box,M,F
tw,4,1,4,play_mouthspar,M,F
tw,2,1,NA,sit_bc,M,F
tw,1,2,NA,play_mouthspar,F,M
tw,1,2,1,allogroom,F,M
tw,1,2,2,play_bite,F,M
tw,2,1,2,play_box,M,F
tw,2,1,2,play_bite,M,F
tw,2,1,NA,play_box,M,F
tw,NA,NA,NA,sit_bc,NA,NA
tw,NA,NA,NA,sit_bc,NA,NA
tw,NA,NA,NA,sit_bc,NA,NA
tw,3,2,NA,sit_<1m,F,M
tw,3,1,NA,sit_<1m,F,F
tw,1,2,NA,sit_<1m,F,M
tw,NA,NA,NA,sit_bc,NA,NA
tw,NA,NA,NA,play_mouthspar,NA,NA
tw,11,NA,NA,greet,F,NA
tw,5,NA,NA,sit_<1m,F,NA
tw,5,NA,NA,sit_<1m,F,NA
tw,NA,5,5,play_mount,NA,F
tw,NA,5,5,play_mount,NA,F
tw,NA,5,5,play_mount,NA,F
tw,NA,NA,NA,fg_tog,NA,NA
tw,2,NA,NA,sit_<1m,M,NA
tw,NA,NA,NA,sit_<1m,NA,NA
tw,NA,9,NA,sit_bc,NA,F
tw,NA,NA,NA,play_mouthspar,NA,NA
tw,NA,NA,NA,play_wrestle,NA,NA
tw,10,8,8,play_wrestle,F,F
tw,10,8,8,play_mount,F,F
tw,8,10,8,play_mount,F,F
tw,10,8,8,allogroom,F,F
tw,10,8,8,play_mount,F,F
tw,10,8,8,sit_<1m,F,F
tw,10,8,10,play_chase,F,F
tw,10,8,NA,play_mount,F,F
tw,11,7,7,greet,F,M
tw,7,11,NA,0,M,F
tw,7,11,NA,sit_<1m,M,F
tw,7,11,NA,sit_bc,M,F
tw,7,11,NA,greet,M,F
tw,7,11,NA,sit_<1m,M,F
tw,7,11,NA,greet,M,F
tw,9,10,NA,sit_<1m,F,F
tw,10,8,10,disp_simple,F,F
tw,9,10,NA,greet,F,F
tw,9,10,NA,sit_<1m,F,F
tw,10,8,NA,allogroom,F,F
tw,10,8,NA,sit_<1m,F,F
tw,10,8,NA,sit_<1m,F,F
tw,10,8,NA,play_wrestle,F,F
tw,10,8,NA,play_wrestle,F,F
tw,10,8,NA,play_wrestle,F,F
tw,10,8,NA,play_bite,F,F
tw,8,10,NA,play_wrestle,F,F
tw,10,8,NA,play_box,F,F
tw,8,10,NA,play_pounce,F,F
tw,10,8,NA,play_pounce,F,F
tw,8,10,NA,play_wrestle,F,F
tw,8,10,NA,play_mouthspar,F,F
tw,10,8,NA,play_wrestle,F,F
tw,10,8,NA,play_pounce,F,F
tw,9,10,NA,play_wrestle,F,F
tw,5,6,NA,sit_<1m,F,F
tw,5,6,NA,play_wrestle,F,F
tw,5,6,NA,play_mouthspar,F,F
tw,5,6,NA,play_pounce,F,F
tw,5,6,NA,greet,F,F
tw,6,5,NA,sit_<1m,F,F
tw,6,5,NA,sit_<1m,F,F
tw,5,6,NA,greet,F,F
tw,5,6,NA,play_wrestle,F,F
tw,5,6,NA,sit_<1m,F,F
tw,7,9,NA,sit_bc,M,F
tw,5,6,NA,greet,F,F
tw,5,6,NA,sit_<1m,F,F
tw,5,6,NA,greet,F,F
tw,5,6,NA,sit_bc,F,F
tw,5,6,NA,allogroom,F,F
tw,5,6,NA,play_wrestle,F,F
tw,5,6,NA,play_pounce,F,F
tw,6,5,NA,greet,F,F
tw,6,5,NA,play_mouthspar,F,F
tw,5,6,NA,disp_simple,F,F
tw,9,7,NA,allogroom,F,M
tw,7,10,NA,sit_bc,M,F
tw,5,6,NA,greet,F,F
tw,5,6,5,sit_bc,F,F
tw,5,6,NA,disp_simple,F,F
tw,2,1,NA,play_box,M,F
tw,4,2,4,disp_proximity,M,M
tw,1,3,NA,sit_<1m,F,F
tw,1,3,NA,greet,F,F
tw,1,3,1,disp_simple,F,F
tw,3,1,NA,sit_<1m,F,F
tw,7,1,NA,sit_<1m,M,F
tw,1,4,NA,sit_bc,F,M
tw,1,4,1,disp_simple,F,M
tw,1,4,NA,disp_proximity,F,M